level,list_-3.0,list_-2.5,list_-2.0,list_-1.5,list_-1.0,list_-0.5,list_0.0,list_0.5,list_1.0,list_1.5,list_2.0,list_2.5,list_3.0
0,21,16,12,8,4,1,0,0,0,0,0,0,0
10,21,16,12,8,4.1,1.1,0,-0.2,-0.3,-0.4,-0.5,-0.5,-0.5
20,21,16,12,8,4.2,1.2,0,-0.4,-0.6,-0.8,-1,-1,-1
30,21,16,12,8,4.3,1.3,0,-0.6,-0.9,-1.2,-1.5,-1.5,-1.5
40,21,16,12,8,4.4,1.4,0,-0.8,-1.2,-1.6,-2,-2,-2
50,21,16,12,8,4.5,1.5,0,-1,-1.5,-2,-2.5,-2.5,-2.5
60,21,16,12,8,4.6,1.6,0,-1.2,-1.8,-2.4,-3,-3,-3
70,21,16,12,8,4.7,1.7,0,-1.4,-2.1,-2.8,-3.5,-3.5,-3.5
80,21,16,12,8,4.8,1.8,0,-1.6,-2.4,-3.2,-4,-4,-4
90,21,16,12,8,4.9,1.9,0,-1.8,-2.7,-3.6,-4.5,-4.5,-4.5
100,21,16,12,8,5,2,0,-2,-3,-4,-5,-5,-5
110,21,16,12,8,5,2,0,-2,-3,-4,-5,-5,-5
120,21,16,12,8,5,2,0,-2,-3,-4,-5,-5,-5
130,21,16,12,8,5,2,0,-2,-3,-4,-5,-5,-5
140,21,16,12,8,5,2,0,-2,-3,-4,-5,-5,-5
150,21,16,12,8,5,2,0,-2,-3,-4,-5,-5,-5
160,21,16,12,8,5,2,0,-2,-3,-4,-5,-5,-5
170,21,16,12,8,5,2,0,-2,-3,-4,-5,-5,-5
180,21,16,12,8,5,2,0,-2,-3,-4,-5,-5,-5
190,21,16,12,8,5,2,0,-2,-3,-4,-5,-5,-5
200,21,16,12,8,5,2,0,-2,-3,-4,-5,-5,-5
210,20.9,16,12,8,5,2,0,-2,-3,-4,-5,-5,-5
220,20.8,16,12,8,5,2,0,-2,-3,-4,-5,-5,-5
230,20.7,16,12,8,5,2,0,-2,-3,-4,-5,-5,-5
240,20.6,16,12,8,5,2,0,-2,-3,-4,-5,-5,-5
250,20.5,16,12,8,5,2,0,-2,-3,-4,-5,-5,-5
260,20.4,16,12,8,5,2,0,-2,-3,-4,-5,-5,-5
270,20.3,16,12,8,5,2,0,-2,-3,-4,-5,-5,-5
280,20.2,16,12,8,5,2,0,-2,-3,-4,-5,-5,-5
290,20.1,16,12,8,5,2,0,-2,-3,-4,-5,-5,-5
300,20,16,12,8,5,2,0,-2,-3,-4,-5,-5,-5
310,20,16,12,8,5,2,0,-2,-3,-4,-5,-5,-5
320,20,16,12,8,5,2,0,-2,-3,-4,-5,-5,-5
330,20,16,12,8,5,2,0,-2,-3,-4,-5,-5,-5
340,20,16,12,8,5,2,0,-2,-3,-4,-5,-5,-5
350,20,16,12,8,5,2,0,-2,-3,-4,-5,-5,-5
360,20,16,12,8,5,2,0,-2,-3,-4,-5,-5,-5
370,20,16,12,8,5,2,0,-2,-3,-4,-5,-5,-5
380,20,16,12,8,5,2,0,-2,-3,-4,-5,-5,-5
390,20,16,12,8,5,2,0,-2,-3,-4,-5,-5,-5
400,20,16,12,8,5,2,0,-2,-3,-4,-5,-5,-5
410,20,16,12,8,5,2,0,-2,-3,-4,-5,-5,-5
420,20,16,12,8,5,2,0,-2,-3,-4,-5,-5,-5
430,20,16,12,8,5,2,0,-2,-3,-4,-5,-5,-5
440,20,16,12,8,5,2,0,-2,-3,-4,-5,-5,-5
450,20,16,12,8,5,2,0,-2,-3,-4,-5,-5,-5
460,20,16,12,8,5,2,0,-2,-3,-4,-5,-5,-5
470,20,16,12,8,5,2,0,-2,-3,-4,-5,-5,-5
480,20,16,12,8,5,2,0,-2,-3,-4,-5,-5,-5
490,20,16,12,8,5,2,0,-2,-3,-4,-5,-5,-5
500,20,16,12,8,5,2,0,-2,-3,-4,-5,-5,-5
510,19.98,15.98,11.98,8,5,2,0,-2,-3,-4.02,-5,-5.02,-5.02
520,19.96,15.96,11.96,8,5,2,0,-2,-3,-4.04,-5,-5.04,-5.04
530,19.94,15.94,11.94,8,5,2,0,-2,-3,-4.06,-5,-5.06,-5.06
540,19.92,15.92,11.92,8,5,2,0,-2,-3,-4.08,-5,-5.08,-5.08
550,19.9,15.9,11.9,8,5,2,0,-2,-3,-4.1,-5,-5.1,-5.1
560,19.88,15.88,11.88,8,5,2,0,-2,-3,-4.12,-5,-5.12,-5.12
570,19.86,15.86,11.86,8,5,2,0,-2,-3,-4.14,-5,-5.14,-5.14
580,19.84,15.84,11.84,8,5,2,0,-2,-3,-4.16,-5,-5.16,-5.16
590,19.82,15.82,11.82,8,5,2,0,-2,-3,-4.18,-5,-5.18,-5.18
600,19.8,15.8,11.8,8,5,2,0,-2,-3,-4.2,-5,-5.2,-5.2
610,19.78,15.78,11.78,8,5,2,0,-2,-3,-4.22,-5,-5.22,-5.22
620,19.76,15.76,11.76,8,5,2,0,-2,-3,-4.24,-5,-5.24,-5.24
630,19.74,15.74,11.74,8,5,2,0,-2,-3,-4.26,-5,-5.26,-5.26
640,19.72,15.72,11.72,8,5,2,0,-2,-3,-4.28,-5,-5.28,-5.28
650,19.7,15.7,11.7,8,5,2,0,-2,-3,-4.3,-5,-5.3,-5.3
660,19.68,15.68,11.68,8,5,2,0,-2,-3,-4.32,-5,-5.32,-5.32
670,19.66,15.66,11.66,8,5,2,0,-2,-3,-4.34,-5,-5.34,-5.34
680,19.64,15.64,11.64,8,5,2,0,-2,-3,-4.36,-5,-5.36,-5.36
690,19.62,15.62,11.62,8,5,2,0,-2,-3,-4.38,-5,-5.38,-5.38
700,19.6,15.6,11.6,8,5,2,0,-2,-3,-4.4,-5,-5.4,-5.4
710,19.58,15.58,11.58,8,5,2,0,-2,-3,-4.42,-5,-5.42,-5.42
720,19.56,15.56,11.56,8,5,2,0,-2,-3,-4.44,-5,-5.44,-5.44
730,19.54,15.54,11.54,8,5,2,0,-2,-3,-4.46,-5,-5.46,-5.46
740,19.52,15.52,11.52,8,5,2,0,-2,-3,-4.48,-5,-5.48,-5.48
750,19.5,15.5,11.5,8,5,2,0,-2,-3,-4.5,-5,-5.5,-5.5
760,19.48,15.48,11.48,8,5,2,0,-2,-3,-4.52,-5,-5.52,-5.52
770,19.46,15.46,11.46,8,5,2,0,-2,-3,-4.54,-5,-5.54,-5.54
780,19.44,15.44,11.44,8,5,2,0,-2,-3,-4.56,-5,-5.56,-5.56
790,19.42,15.42,11.42,8,5,2,0,-2,-3,-4.58,-5,-5.58,-5.58
800,19.4,15.4,11.4,8,5,2,0,-2,-3,-4.6,-5,-5.6,-5.6
810,19.38,15.38,11.38,8,5,2,0,-2,-3,-4.62,-5,-5.62,-5.62
820,19.36,15.36,11.36,8,5,2,0,-2,-3,-4.64,-5,-5.64,-5.64
830,19.34,15.34,11.34,8,5,2,0,-2,-3,-4.66,-5,-5.66,-5.66
840,19.32,15.32,11.32,8,5,2,0,-2,-3,-4.68,-5,-5.68,-5.68
850,19.3,15.3,11.3,8,5,2,0,-2,-3,-4.7,-5,-5.7,-5.7
860,19.28,15.28,11.28,8,5,2,0,-2,-3,-4.72,-5,-5.72,-5.72
870,19.26,15.26,11.26,8,5,2,0,-2,-3,-4.74,-5,-5.74,-5.74
880,19.24,15.24,11.24,8,5,2,0,-2,-3,-4.76,-5,-5.76,-5.76
890,19.22,15.22,11.22,8,5,2,0,-2,-3,-4.78,-5,-5.78,-5.78
900,19.2,15.2,11.2,8,5,2,0,-2,-3,-4.8,-5,-5.8,-5.8
910,19.18,15.18,11.18,8,5,2,0,-2,-3,-4.82,-5,-5.82,-5.82
920,19.16,15.16,11.16,8,5,2,0,-2,-3,-4.84,-5,-5.84,-5.84
930,19.14,15.14,11.14,8,5,2,0,-2,-3,-4.86,-5,-5.86,-5.86
940,19.12,15.12,11.12,8,5,2,0,-2,-3,-4.88,-5,-5.88,-5.88
950,19.1,15.1,11.1,8,5,2,0,-2,-3,-4.9,-5,-5.9,-5.9
960,19.08,15.08,11.08,8,5,2,0,-2,-3,-4.92,-5,-5.92,-5.92
970,19.06,15.06,11.06,8,5,2,0,-2,-3,-4.94,-5,-5.94,-5.94
980,19.04,15.04,11.04,8,5,2,0,-2,-3,-4.96,-5,-5.96,-5.96
990,19.02,15.02,11.02,8,5,2,0,-2,-3,-4.98,-5,-5.98,-5.98
1000,19,15,11,8,5,2,0,-2,-3,-5,-5,-6,-6
1010,19,15,11,8,5,2,0,-2,-3.02,-5,-5.02,-6,-6
1020,19,15,11,8,5,2,0,-2,-3.04,-5,-5.04,-6,-6
1030,19,15,11,8,5,2,0,-2,-3.06,-5,-5.06,-6,-6
1040,19,15,11,8,5,2,0,-2,-3.08,-5,-5.08,-6,-6
1050,19,15,11,8,5,2,0,-2,-3.1,-5,-5.1,-6,-6
1060,19,15,11,8,5,2,0,-2,-3.12,-5,-5.12,-6,-6
1070,19,15,11,8,5,2,0,-2,-3.14,-5,-5.14,-6,-6
1080,19,15,11,8,5,2,0,-2,-3.16,-5,-5.16,-6,-6
1090,19,15,11,8,5,2,0,-2,-3.18,-5,-5.18,-6,-6
1100,19,15,11,8,5,2,0,-2,-3.2,-5,-5.2,-6,-6
1110,19,15,11,8,5,2,0,-2,-3.22,-5,-5.22,-6,-6
1120,19,15,11,8,5,2,0,-2,-3.24,-5,-5.24,-6,-6
1130,19,15,11,8,5,2,0,-2,-3.26,-5,-5.26,-6,-6
1140,19,15,11,8,5,2,0,-2,-3.28,-5,-5.28,-6,-6
1150,19,15,11,8,5,2,0,-2,-3.3,-5,-5.3,-6,-6
1160,19,15,11,8,5,2,0,-2,-3.32,-5,-5.32,-6,-6
1170,19,15,11,8,5,2,0,-2,-3.34,-5,-5.34,-6,-6
1180,19,15,11,8,5,2,0,-2,-3.36,-5,-5.36,-6,-6
1190,19,15,11,8,5,2,0,-2,-3.38,-5,-5.38,-6,-6
1200,19,15,11,8,5,2,0,-2,-3.4,-5,-5.4,-6,-6
1210,19,15,11,8,5,2,0,-2,-3.42,-5,-5.42,-6,-6
1220,19,15,11,8,5,2,0,-2,-3.44,-5,-5.44,-6,-6
1230,19,15,11,8,5,2,0,-2,-3.46,-5,-5.46,-6,-6
1240,19,15,11,8,5,2,0,-2,-3.48,-5,-5.48,-6,-6
1250,19,15,11,8,5,2,0,-2,-3.5,-5,-5.5,-6,-6
1260,19,15,11,8,5,2,0,-2,-3.52,-5,-5.52,-6,-6
1270,19,15,11,8,5,2,0,-2,-3.54,-5,-5.54,-6,-6
1280,19,15,11,8,5,2,0,-2,-3.56,-5,-5.56,-6,-6
1290,19,15,11,8,5,2,0,-2,-3.58,-5,-5.58,-6,-6
1300,19,15,11,8,5,2,0,-2,-3.6,-5,-5.6,-6,-6
1310,19,15,11,8,5,2,0,-2,-3.62,-5,-5.62,-6,-6
1320,19,15,11,8,5,2,0,-2,-3.64,-5,-5.64,-6,-6
1330,19,15,11,8,5,2,0,-2,-3.66,-5,-5.66,-6,-6
1340,19,15,11,8,5,2,0,-2,-3.68,-5,-5.68,-6,-6
1350,19,15,11,8,5,2,0,-2,-3.7,-5,-5.7,-6,-6
1360,19,15,11,8,5,2,0,-2,-3.72,-5,-5.72,-6,-6
1370,19,15,11,8,5,2,0,-2,-3.74,-5,-5.74,-6,-6
1380,19,15,11,8,5,2,0,-2,-3.76,-5,-5.76,-6,-6
1390,19,15,11,8,5,2,0,-2,-3.78,-5,-5.78,-6,-6
1400,19,15,11,8,5,2,0,-2,-3.8,-5,-5.8,-6,-6
1410,19,15,11,8,5,2,0,-2,-3.82,-5,-5.82,-6,-6
1420,19,15,11,8,5,2,0,-2,-3.84,-5,-5.84,-6,-6
1430,19,15,11,8,5,2,0,-2,-3.86,-5,-5.86,-6,-6
1440,19,15,11,8,5,2,0,-2,-3.88,-5,-5.88,-6,-6
1450,19,15,11,8,5,2,0,-2,-3.9,-5,-5.9,-6,-6
1460,19,15,11,8,5,2,0,-2,-3.92,-5,-5.92,-6,-6
1470,19,15,11,8,5,2,0,-2,-3.94,-5,-5.94,-6,-6
1480,19,15,11,8,5,2,0,-2,-3.96,-5,-5.96,-6,-6
1490,19,15,11,8,5,2,0,-2,-3.98,-5,-5.98,-6,-6
1500,19,15,11,8,5,2,0,-2,-4,-5,-6,-6,-6
1510,18.98,14.98,11,8,5,2,0,-2,-4,-5,-6,-6.02,-6.02
1520,18.96,14.96,11,8,5,2,0,-2,-4,-5,-6,-6.04,-6.04
1530,18.94,14.94,11,8,5,2,0,-2,-4,-5,-6,-6.06,-6.06
1540,18.92,14.92,11,8,5,2,0,-2,-4,-5,-6,-6.08,-6.08
1550,18.9,14.9,11,8,5,2,0,-2,-4,-5,-6,-6.1,-6.1
1560,18.88,14.88,11,8,5,2,0,-2,-4,-5,-6,-6.12,-6.12
1570,18.86,14.86,11,8,5,2,0,-2,-4,-5,-6,-6.14,-6.14
1580,18.84,14.84,11,8,5,2,0,-2,-4,-5,-6,-6.16,-6.16
1590,18.82,14.82,11,8,5,2,0,-2,-4,-5,-6,-6.18,-6.18
1600,18.8,14.8,11,8,5,2,0,-2,-4,-5,-6,-6.2,-6.2
1610,18.78,14.78,11,8,5,2,0,-2,-4,-5,-6,-6.22,-6.22
1620,18.76,14.76,11,8,5,2,0,-2,-4,-5,-6,-6.24,-6.24
1630,18.74,14.74,11,8,5,2,0,-2,-4,-5,-6,-6.26,-6.26
1640,18.72,14.72,11,8,5,2,0,-2,-4,-5,-6,-6.28,-6.28
1650,18.7,14.7,11,8,5,2,0,-2,-4,-5,-6,-6.3,-6.3
1660,18.68,14.68,11,8,5,2,0,-2,-4,-5,-6,-6.32,-6.32
1670,18.66,14.66,11,8,5,2,0,-2,-4,-5,-6,-6.34,-6.34
1680,18.64,14.64,11,8,5,2,0,-2,-4,-5,-6,-6.36,-6.36
1690,18.62,14.62,11,8,5,2,0,-2,-4,-5,-6,-6.38,-6.38
1700,18.6,14.6,11,8,5,2,0,-2,-4,-5,-6,-6.4,-6.4
1710,18.58,14.58,11,8,5,2,0,-2,-4,-5,-6,-6.42,-6.42
1720,18.56,14.56,11,8,5,2,0,-2,-4,-5,-6,-6.44,-6.44
1730,18.54,14.54,11,8,5,2,0,-2,-4,-5,-6,-6.46,-6.46
1740,18.52,14.52,11,8,5,2,0,-2,-4,-5,-6,-6.48,-6.48
1750,18.5,14.5,11,8,5,2,0,-2,-4,-5,-6,-6.5,-6.5
1760,18.48,14.48,11,8,5,2,0,-2,-4,-5,-6,-6.52,-6.52
1770,18.46,14.46,11,8,5,2,0,-2,-4,-5,-6,-6.54,-6.54
1780,18.44,14.44,11,8,5,2,0,-2,-4,-5,-6,-6.56,-6.56
1790,18.42,14.42,11,8,5,2,0,-2,-4,-5,-6,-6.58,-6.58
1800,18.4,14.4,11,8,5,2,0,-2,-4,-5,-6,-6.6,-6.6
1810,18.38,14.38,11,8,5,2,0,-2,-4,-5,-6,-6.62,-6.62
1820,18.36,14.36,11,8,5,2,0,-2,-4,-5,-6,-6.64,-6.64
1830,18.34,14.34,11,8,5,2,0,-2,-4,-5,-6,-6.66,-6.66
1840,18.32,14.32,11,8,5,2,0,-2,-4,-5,-6,-6.68,-6.68
1850,18.3,14.3,11,8,5,2,0,-2,-4,-5,-6,-6.7,-6.7
1860,18.28,14.28,11,8,5,2,0,-2,-4,-5,-6,-6.72,-6.72
1870,18.26,14.26,11,8,5,2,0,-2,-4,-5,-6,-6.74,-6.74
1880,18.24,14.24,11,8,5,2,0,-2,-4,-5,-6,-6.76,-6.76
1890,18.22,14.22,11,8,5,2,0,-2,-4,-5,-6,-6.78,-6.78
1900,18.2,14.2,11,8,5,2,0,-2,-4,-5,-6,-6.8,-6.8
1910,18.18,14.18,11,8,5,2,0,-2,-4,-5,-6,-6.82,-6.82
1920,18.16,14.16,11,8,5,2,0,-2,-4,-5,-6,-6.84,-6.84
1930,18.14,14.14,11,8,5,2,0,-2,-4,-5,-6,-6.86,-6.86
1940,18.12,14.12,11,8,5,2,0,-2,-4,-5,-6,-6.88,-6.88
1950,18.1,14.1,11,8,5,2,0,-2,-4,-5,-6,-6.9,-6.9
1960,18.08,14.08,11,8,5,2,0,-2,-4,-5,-6,-6.92,-6.92
1970,18.06,14.06,11,8,5,2,0,-2,-4,-5,-6,-6.94,-6.94
1980,18.04,14.04,11,8,5,2,0,-2,-4,-5,-6,-6.96,-6.96
1990,18.02,14.02,11,8,5,2,0,-2,-4,-5,-6,-6.98,-6.98
2000,18,14,11,8,5,2,0,-2,-4,-5,-6,-7,-7
2010,17.98,14,11,7.98,5,2,0,-2,-4,-5,-6,-7,-7.02
2020,17.96,14,11,7.96,5,2,0,-2,-4,-5,-6,-7,-7.04
2030,17.94,14,11,7.94,5,2,0,-2,-4,-5,-6,-7,-7.06
2040,17.92,14,11,7.92,5,2,0,-2,-4,-5,-6,-7,-7.08
2050,17.9,14,11,7.9,5,2,0,-2,-4,-5,-6,-7,-7.1
2060,17.88,14,11,7.88,5,2,0,-2,-4,-5,-6,-7,-7.12
2070,17.86,14,11,7.86,5,2,0,-2,-4,-5,-6,-7,-7.14
2080,17.84,14,11,7.84,5,2,0,-2,-4,-5,-6,-7,-7.16
2090,17.82,14,11,7.82,5,2,0,-2,-4,-5,-6,-7,-7.18
2100,17.8,14,11,7.8,5,2,0,-2,-4,-5,-6,-7,-7.2
2110,17.78,14,11,7.78,5,2,0,-2,-4,-5,-6,-7,-7.22
2120,17.76,14,11,7.76,5,2,0,-2,-4,-5,-6,-7,-7.24
2130,17.74,14,11,7.74,5,2,0,-2,-4,-5,-6,-7,-7.26
2140,17.72,14,11,7.72,5,2,0,-2,-4,-5,-6,-7,-7.28
2150,17.7,14,11,7.7,5,2,0,-2,-4,-5,-6,-7,-7.3
2160,17.68,14,11,7.68,5,2,0,-2,-4,-5,-6,-7,-7.32
2170,17.66,14,11,7.66,5,2,0,-2,-4,-5,-6,-7,-7.34
2180,17.64,14,11,7.64,5,2,0,-2,-4,-5,-6,-7,-7.36
2190,17.62,14,11,7.62,5,2,0,-2,-4,-5,-6,-7,-7.38
2200,17.6,14,11,7.6,5,2,0,-2,-4,-5,-6,-7,-7.4
2210,17.58,14,11,7.58,5,2,0,-2,-4,-5,-6,-7,-7.42
2220,17.56,14,11,7.56,5,2,0,-2,-4,-5,-6,-7,-7.44
2230,17.54,14,11,7.54,5,2,0,-2,-4,-5,-6,-7,-7.46
2240,17.52,14,11,7.52,5,2,0,-2,-4,-5,-6,-7,-7.48
2250,17.5,14,11,7.5,5,2,0,-2,-4,-5,-6,-7,-7.5
2260,17.48,14,11,7.48,5,2,0,-2,-4,-5,-6,-7,-7.52
2270,17.46,14,11,7.46,5,2,0,-2,-4,-5,-6,-7,-7.54
2280,17.44,14,11,7.44,5,2,0,-2,-4,-5,-6,-7,-7.56
2290,17.42,14,11,7.42,5,2,0,-2,-4,-5,-6,-7,-7.58
2300,17.4,14,11,7.4,5,2,0,-2,-4,-5,-6,-7,-7.6
2310,17.38,14,11,7.38,5,2,0,-2,-4,-5,-6,-7,-7.62
2320,17.36,14,11,7.36,5,2,0,-2,-4,-5,-6,-7,-7.64
2330,17.34,14,11,7.34,5,2,0,-2,-4,-5,-6,-7,-7.66
2340,17.32,14,11,7.32,5,2,0,-2,-4,-5,-6,-7,-7.68
2350,17.3,14,11,7.3,5,2,0,-2,-4,-5,-6,-7,-7.7
2360,17.28,14,11,7.28,5,2,0,-2,-4,-5,-6,-7,-7.72
2370,17.26,14,11,7.26,5,2,0,-2,-4,-5,-6,-7,-7.74
2380,17.24,14,11,7.24,5,2,0,-2,-4,-5,-6,-7,-7.76
2390,17.22,14,11,7.22,5,2,0,-2,-4,-5,-6,-7,-7.78
2400,17.2,14,11,7.2,5,2,0,-2,-4,-5,-6,-7,-7.8
2410,17.18,14,11,7.18,5,2,0,-2,-4,-5,-6,-7,-7.82
2420,17.16,14,11,7.16,5,2,0,-2,-4,-5,-6,-7,-7.84
2430,17.14,14,11,7.14,5,2,0,-2,-4,-5,-6,-7,-7.86
2440,17.12,14,11,7.12,5,2,0,-2,-4,-5,-6,-7,-7.88
2450,17.1,14,11,7.1,5,2,0,-2,-4,-5,-6,-7,-7.9
2460,17.08,14,11,7.08,5,2,0,-2,-4,-5,-6,-7,-7.92
2470,17.06,14,11,7.06,5,2,0,-2,-4,-5,-6,-7,-7.94
2480,17.04,14,11,7.04,5,2,0,-2,-4,-5,-6,-7,-7.96
2490,17.02,14,11,7.02,5,2,0,-2,-4,-5,-6,-7,-7.98
2500,17,14,11,7,5,2,0,-2,-4,-5,-6,-7,-8
2510,17,13.98,10.98,7,5,2,0,-2,-4,-5,-6.02,-7.02,-8
2520,17,13.96,10.96,7,5,2,0,-2,-4,-5,-6.04,-7.04,-8
2530,17,13.94,10.94,7,5,2,0,-2,-4,-5,-6.06,-7.06,-8
2540,17,13.92,10.92,7,5,2,0,-2,-4,-5,-6.08,-7.08,-8
2550,17,13.9,10.9,7,5,2,0,-2,-4,-5,-6.1,-7.1,-8
2560,17,13.88,10.88,7,5,2,0,-2,-4,-5,-6.12,-7.12,-8
2570,17,13.86,10.86,7,5,2,0,-2,-4,-5,-6.14,-7.14,-8
2580,17,13.84,10.84,7,5,2,0,-2,-4,-5,-6.16,-7.16,-8
2590,17,13.82,10.82,7,5,2,0,-2,-4,-5,-6.18,-7.18,-8
2600,17,13.8,10.8,7,5,2,0,-2,-4,-5,-6.2,-7.2,-8
2610,17,13.78,10.78,7,5,2,0,-2,-4,-5,-6.22,-7.22,-8
2620,17,13.76,10.76,7,5,2,0,-2,-4,-5,-6.24,-7.24,-8
2630,17,13.74,10.74,7,5,2,0,-2,-4,-5,-6.26,-7.26,-8
2640,17,13.72,10.72,7,5,2,0,-2,-4,-5,-6.28,-7.28,-8
2650,17,13.7,10.7,7,5,2,0,-2,-4,-5,-6.3,-7.3,-8
2660,17,13.68,10.68,7,5,2,0,-2,-4,-5,-6.32,-7.32,-8
2670,17,13.66,10.66,7,5,2,0,-2,-4,-5,-6.34,-7.34,-8
2680,17,13.64,10.64,7,5,2,0,-2,-4,-5,-6.36,-7.36,-8
2690,17,13.62,10.62,7,5,2,0,-2,-4,-5,-6.38,-7.38,-8
2700,17,13.6,10.6,7,5,2,0,-2,-4,-5,-6.4,-7.4,-8
2710,17,13.58,10.58,7,5,2,0,-2,-4,-5,-6.42,-7.42,-8
2720,17,13.56,10.56,7,5,2,0,-2,-4,-5,-6.44,-7.44,-8
2730,17,13.54,10.54,7,5,2,0,-2,-4,-5,-6.46,-7.46,-8
2740,17,13.52,10.52,7,5,2,0,-2,-4,-5,-6.48,-7.48,-8
2750,17,13.5,10.5,7,5,2,0,-2,-4,-5,-6.5,-7.5,-8
2760,17,13.48,10.48,7,5,2,0,-2,-4,-5,-6.52,-7.52,-8
2770,17,13.46,10.46,7,5,2,0,-2,-4,-5,-6.54,-7.54,-8
2780,17,13.44,10.44,7,5,2,0,-2,-4,-5,-6.56,-7.56,-8
2790,17,13.42,10.42,7,5,2,0,-2,-4,-5,-6.58,-7.58,-8
2800,17,13.4,10.4,7,5,2,0,-2,-4,-5,-6.6,-7.6,-8
2810,17,13.38,10.38,7,5,2,0,-2,-4,-5,-6.62,-7.62,-8
2820,17,13.36,10.36,7,5,2,0,-2,-4,-5,-6.64,-7.64,-8
2830,17,13.34,10.34,7,5,2,0,-2,-4,-5,-6.66,-7.66,-8
2840,17,13.32,10.32,7,5,2,0,-2,-4,-5,-6.68,-7.68,-8
2850,17,13.3,10.3,7,5,2,0,-2,-4,-5,-6.7,-7.7,-8
2860,17,13.28,10.28,7,5,2,0,-2,-4,-5,-6.72,-7.72,-8
2870,17,13.26,10.26,7,5,2,0,-2,-4,-5,-6.74,-7.74,-8
2880,17,13.24,10.24,7,5,2,0,-2,-4,-5,-6.76,-7.76,-8
2890,17,13.22,10.22,7,5,2,0,-2,-4,-5,-6.78,-7.78,-8
2900,17,13.2,10.2,7,5,2,0,-2,-4,-5,-6.8,-7.8,-8
2910,17,13.18,10.18,7,5,2,0,-2,-4,-5,-6.82,-7.82,-8
2920,17,13.16,10.16,7,5,2,0,-2,-4,-5,-6.84,-7.84,-8
2930,17,13.14,10.14,7,5,2,0,-2,-4,-5,-6.86,-7.86,-8
2940,17,13.12,10.12,7,5,2,0,-2,-4,-5,-6.88,-7.88,-8
2950,17,13.1,10.1,7,5,2,0,-2,-4,-5,-6.9,-7.9,-8
2960,17,13.08,10.08,7,5,2,0,-2,-4,-5,-6.92,-7.92,-8
2970,17,13.06,10.06,7,5,2,0,-2,-4,-5,-6.94,-7.94,-8
2980,17,13.04,10.04,7,5,2,0,-2,-4,-5,-6.96,-7.96,-8
2990,17,13.02,10.02,7,5,2,0,-2,-4,-5,-6.98,-7.98,-8
3000,17,13,10,7,5,2,0,-2,-4,-5,-7,-8,-8
3010,16.98,13,10,7,5,2,0,-2,-4,-5,-7,-8,-8.02
3020,16.96,13,10,7,5,2,0,-2,-4,-5,-7,-8,-8.04
3030,16.94,13,10,7,5,2,0,-2,-4,-5,-7,-8,-8.06
3040,16.92,13,10,7,5,2,0,-2,-4,-5,-7,-8,-8.08
3050,16.9,13,10,7,5,2,0,-2,-4,-5,-7,-8,-8.1
3060,16.88,13,10,7,5,2,0,-2,-4,-5,-7,-8,-8.12
3070,16.86,13,10,7,5,2,0,-2,-4,-5,-7,-8,-8.14
3080,16.84,13,10,7,5,2,0,-2,-4,-5,-7,-8,-8.16
3090,16.82,13,10,7,5,2,0,-2,-4,-5,-7,-8,-8.18
3100,16.8,13,10,7,5,2,0,-2,-4,-5,-7,-8,-8.2
3110,16.78,13,10,7,5,2,0,-2,-4,-5,-7,-8,-8.22
3120,16.76,13,10,7,5,2,0,-2,-4,-5,-7,-8,-8.24
3130,16.74,13,10,7,5,2,0,-2,-4,-5,-7,-8,-8.26
3140,16.72,13,10,7,5,2,0,-2,-4,-5,-7,-8,-8.28
3150,16.7,13,10,7,5,2,0,-2,-4,-5,-7,-8,-8.3
3160,16.68,13,10,7,5,2,0,-2,-4,-5,-7,-8,-8.32
3170,16.66,13,10,7,5,2,0,-2,-4,-5,-7,-8,-8.34
3180,16.64,13,10,7,5,2,0,-2,-4,-5,-7,-8,-8.36
3190,16.62,13,10,7,5,2,0,-2,-4,-5,-7,-8,-8.38
3200,16.6,13,10,7,5,2,0,-2,-4,-5,-7,-8,-8.4
3210,16.58,13,10,7,5,2,0,-2,-4,-5,-7,-8,-8.42
3220,16.56,13,10,7,5,2,0,-2,-4,-5,-7,-8,-8.44
3230,16.54,13,10,7,5,2,0,-2,-4,-5,-7,-8,-8.46
3240,16.52,13,10,7,5,2,0,-2,-4,-5,-7,-8,-8.48
3250,16.5,13,10,7,5,2,0,-2,-4,-5,-7,-8,-8.5
3260,16.48,13,10,7,5,2,0,-2,-4,-5,-7,-8,-8.52
3270,16.46,13,10,7,5,2,0,-2,-4,-5,-7,-8,-8.54
3280,16.44,13,10,7,5,2,0,-2,-4,-5,-7,-8,-8.56
3290,16.42,13,10,7,5,2,0,-2,-4,-5,-7,-8,-8.58
3300,16.4,13,10,7,5,2,0,-2,-4,-5,-7,-8,-8.6
3310,16.38,13,10,7,5,2,0,-2,-4,-5,-7,-8,-8.62
3320,16.36,13,10,7,5,2,0,-2,-4,-5,-7,-8,-8.64
3330,16.34,13,10,7,5,2,0,-2,-4,-5,-7,-8,-8.66
3340,16.32,13,10,7,5,2,0,-2,-4,-5,-7,-8,-8.68
3350,16.3,13,10,7,5,2,0,-2,-4,-5,-7,-8,-8.7
3360,16.28,13,10,7,5,2,0,-2,-4,-5,-7,-8,-8.72
3370,16.26,13,10,7,5,2,0,-2,-4,-5,-7,-8,-8.74
3380,16.24,13,10,7,5,2,0,-2,-4,-5,-7,-8,-8.76
3390,16.22,13,10,7,5,2,0,-2,-4,-5,-7,-8,-8.78
3400,16.2,13,10,7,5,2,0,-2,-4,-5,-7,-8,-8.8
3410,16.18,13,10,7,5,2,0,-2,-4,-5,-7,-8,-8.82
3420,16.16,13,10,7,5,2,0,-2,-4,-5,-7,-8,-8.84
3430,16.14,13,10,7,5,2,0,-2,-4,-5,-7,-8,-8.86
3440,16.12,13,10,7,5,2,0,-2,-4,-5,-7,-8,-8.88
3450,16.1,13,10,7,5,2,0,-2,-4,-5,-7,-8,-8.9
3460,16.08,13,10,7,5,2,0,-2,-4,-5,-7,-8,-8.92
3470,16.06,13,10,7,5,2,0,-2,-4,-5,-7,-8,-8.94
3480,16.04,13,10,7,5,2,0,-2,-4,-5,-7,-8,-8.96
3490,16.02,13,10,7,5,2,0,-2,-4,-5,-7,-8,-8.98
3500,16,13,10,7,5,2,0,-2,-4,-5,-7,-8,-9
3510,15.98,12.98,10,7,4.98,2,0,-2,-4,-5.02,-7,-8.02,-9.02
3520,15.96,12.96,10,7,4.96,2,0,-2,-4,-5.04,-7,-8.04,-9.04
3530,15.94,12.94,10,7,4.94,2,0,-2,-4,-5.06,-7,-8.06,-9.06
3540,15.92,12.92,10,7,4.92,2,0,-2,-4,-5.08,-7,-8.08,-9.08
3550,15.9,12.9,10,7,4.9,2,0,-2,-4,-5.1,-7,-8.1,-9.1
3560,15.88,12.88,10,7,4.88,2,0,-2,-4,-5.12,-7,-8.12,-9.12
3570,15.86,12.86,10,7,4.86,2,0,-2,-4,-5.14,-7,-8.14,-9.14
3580,15.84,12.84,10,7,4.84,2,0,-2,-4,-5.16,-7,-8.16,-9.16
3590,15.82,12.82,10,7,4.82,2,0,-2,-4,-5.18,-7,-8.18,-9.18
3600,15.8,12.8,10,7,4.8,2,0,-2,-4,-5.2,-7,-8.2,-9.2
3610,15.78,12.78,10,7,4.78,2,0,-2,-4,-5.22,-7,-8.22,-9.22
3620,15.76,12.76,10,7,4.76,2,0,-2,-4,-5.24,-7,-8.24,-9.24
3630,15.74,12.74,10,7,4.74,2,0,-2,-4,-5.26,-7,-8.26,-9.26
3640,15.72,12.72,10,7,4.72,2,0,-2,-4,-5.28,-7,-8.28,-9.28
3650,15.7,12.7,10,7,4.7,2,0,-2,-4,-5.3,-7,-8.3,-9.3
3660,15.68,12.68,10,7,4.68,2,0,-2,-4,-5.32,-7,-8.32,-9.32
3670,15.66,12.66,10,7,4.66,2,0,-2,-4,-5.34,-7,-8.34,-9.34
3680,15.64,12.64,10,7,4.64,2,0,-2,-4,-5.36,-7,-8.36,-9.36
3690,15.62,12.62,10,7,4.62,2,0,-2,-4,-5.38,-7,-8.38,-9.38
3700,15.6,12.6,10,7,4.6,2,0,-2,-4,-5.4,-7,-8.4,-9.4
3710,15.58,12.58,10,7,4.58,2,0,-2,-4,-5.42,-7,-8.42,-9.42
3720,15.56,12.56,10,7,4.56,2,0,-2,-4,-5.44,-7,-8.44,-9.44
3730,15.54,12.54,10,7,4.54,2,0,-2,-4,-5.46,-7,-8.46,-9.46
3740,15.52,12.52,10,7,4.52,2,0,-2,-4,-5.48,-7,-8.48,-9.48
3750,15.5,12.5,10,7,4.5,2,0,-2,-4,-5.5,-7,-8.5,-9.5
3760,15.48,12.48,10,7,4.48,2,0,-2,-4,-5.52,-7,-8.52,-9.52
3770,15.46,12.46,10,7,4.46,2,0,-2,-4,-5.54,-7,-8.54,-9.54
3780,15.44,12.44,10,7,4.44,2,0,-2,-4,-5.56,-7,-8.56,-9.56
3790,15.42,12.42,10,7,4.42,2,0,-2,-4,-5.58,-7,-8.58,-9.58
3800,15.4,12.4,10,7,4.4,2,0,-2,-4,-5.6,-7,-8.6,-9.6
3810,15.38,12.38,10,7,4.38,2,0,-2,-4,-5.62,-7,-8.62,-9.62
3820,15.36,12.36,10,7,4.36,2,0,-2,-4,-5.64,-7,-8.64,-9.64
3830,15.34,12.34,10,7,4.34,2,0,-2,-4,-5.66,-7,-8.66,-9.66
3840,15.32,12.32,10,7,4.32,2,0,-2,-4,-5.68,-7,-8.68,-9.68
3850,15.3,12.3,10,7,4.3,2,0,-2,-4,-5.7,-7,-8.7,-9.7
3860,15.28,12.28,10,7,4.28,2,0,-2,-4,-5.72,-7,-8.72,-9.72
3870,15.26,12.26,10,7,4.26,2,0,-2,-4,-5.74,-7,-8.74,-9.74
3880,15.24,12.24,10,7,4.24,2,0,-2,-4,-5.76,-7,-8.76,-9.76
3890,15.22,12.22,10,7,4.22,2,0,-2,-4,-5.78,-7,-8.78,-9.78
3900,15.2,12.2,10,7,4.2,2,0,-2,-4,-5.8,-7,-8.8,-9.8
3910,15.18,12.18,10,7,4.18,2,0,-2,-4,-5.82,-7,-8.82,-9.82
3920,15.16,12.16,10,7,4.16,2,0,-2,-4,-5.84,-7,-8.84,-9.84
3930,15.14,12.14,10,7,4.14,2,0,-2,-4,-5.86,-7,-8.86,-9.86
3940,15.12,12.12,10,7,4.12,2,0,-2,-4,-5.88,-7,-8.88,-9.88
3950,15.1,12.1,10,7,4.1,2,0,-2,-4,-5.9,-7,-8.9,-9.9
3960,15.08,12.08,10,7,4.08,2,0,-2,-4,-5.92,-7,-8.92,-9.92
3970,15.06,12.06,10,7,4.06,2,0,-2,-4,-5.94,-7,-8.94,-9.94
3980,15.04,12.04,10,7,4.04,2,0,-2,-4,-5.96,-7,-8.96,-9.96
3990,15.02,12.02,10,7,4.02,2,0,-2,-4,-5.98,-7,-8.98,-9.98
4000,15,12,10,7,4,2,0,-2,-4,-6,-7,-9,-10
4010,15,12,9.98,7,4,2,0,-2,-4,-6,-7,-9,-10.02
4020,15,12,9.96,7,4,2,0,-2,-4,-6,-7,-9,-10.04
4030,15,12,9.94,7,4,2,0,-2,-4,-6,-7,-9,-10.06
4040,15,12,9.92,7,4,2,0,-2,-4,-6,-7,-9,-10.08
4050,15,12,9.9,7,4,2,0,-2,-4,-6,-7,-9,-10.1
4060,15,12,9.88,7,4,2,0,-2,-4,-6,-7,-9,-10.12
4070,15,12,9.86,7,4,2,0,-2,-4,-6,-7,-9,-10.14
4080,15,12,9.84,7,4,2,0,-2,-4,-6,-7,-9,-10.16
4090,15,12,9.82,7,4,2,0,-2,-4,-6,-7,-9,-10.18
4100,15,12,9.8,7,4,2,0,-2,-4,-6,-7,-9,-10.2
4110,15,12,9.78,7,4,2,0,-2,-4,-6,-7,-9,-10.22
4120,15,12,9.76,7,4,2,0,-2,-4,-6,-7,-9,-10.24
4130,15,12,9.74,7,4,2,0,-2,-4,-6,-7,-9,-10.26
4140,15,12,9.72,7,4,2,0,-2,-4,-6,-7,-9,-10.28
4150,15,12,9.7,7,4,2,0,-2,-4,-6,-7,-9,-10.3
4160,15,12,9.68,7,4,2,0,-2,-4,-6,-7,-9,-10.32
4170,15,12,9.66,7,4,2,0,-2,-4,-6,-7,-9,-10.34
4180,15,12,9.64,7,4,2,0,-2,-4,-6,-7,-9,-10.36
4190,15,12,9.62,7,4,2,0,-2,-4,-6,-7,-9,-10.38
4200,15,12,9.6,7,4,2,0,-2,-4,-6,-7,-9,-10.4
4210,15,12,9.58,7,4,2,0,-2,-4,-6,-7,-9,-10.42
4220,15,12,9.56,7,4,2,0,-2,-4,-6,-7,-9,-10.44
4230,15,12,9.54,7,4,2,0,-2,-4,-6,-7,-9,-10.46
4240,15,12,9.52,7,4,2,0,-2,-4,-6,-7,-9,-10.48
4250,15,12,9.5,7,4,2,0,-2,-4,-6,-7,-9,-10.5
4260,15,12,9.48,7,4,2,0,-2,-4,-6,-7,-9,-10.52
4270,15,12,9.46,7,4,2,0,-2,-4,-6,-7,-9,-10.54
4280,15,12,9.44,7,4,2,0,-2,-4,-6,-7,-9,-10.56
4290,15,12,9.42,7,4,2,0,-2,-4,-6,-7,-9,-10.58
4300,15,12,9.4,7,4,2,0,-2,-4,-6,-7,-9,-10.6
4310,15,12,9.38,7,4,2,0,-2,-4,-6,-7,-9,-10.62
4320,15,12,9.36,7,4,2,0,-2,-4,-6,-7,-9,-10.64
4330,15,12,9.34,7,4,2,0,-2,-4,-6,-7,-9,-10.66
4340,15,12,9.32,7,4,2,0,-2,-4,-6,-7,-9,-10.68
4350,15,12,9.3,7,4,2,0,-2,-4,-6,-7,-9,-10.7
4360,15,12,9.28,7,4,2,0,-2,-4,-6,-7,-9,-10.72
4370,15,12,9.26,7,4,2,0,-2,-4,-6,-7,-9,-10.74
4380,15,12,9.24,7,4,2,0,-2,-4,-6,-7,-9,-10.76
4390,15,12,9.22,7,4,2,0,-2,-4,-6,-7,-9,-10.78
4400,15,12,9.2,7,4,2,0,-2,-4,-6,-7,-9,-10.8
4410,15,12,9.18,7,4,2,0,-2,-4,-6,-7,-9,-10.82
4420,15,12,9.16,7,4,2,0,-2,-4,-6,-7,-9,-10.84
4430,15,12,9.14,7,4,2,0,-2,-4,-6,-7,-9,-10.86
4440,15,12,9.12,7,4,2,0,-2,-4,-6,-7,-9,-10.88
4450,15,12,9.1,7,4,2,0,-2,-4,-6,-7,-9,-10.9
4460,15,12,9.08,7,4,2,0,-2,-4,-6,-7,-9,-10.92
4470,15,12,9.06,7,4,2,0,-2,-4,-6,-7,-9,-10.94
4480,15,12,9.04,7,4,2,0,-2,-4,-6,-7,-9,-10.96
4490,15,12,9.02,7,4,2,0,-2,-4,-6,-7,-9,-10.98
4500,15,12,9,7,4,2,0,-2,-4,-6,-7,-9,-11
4510,14.98,11.98,9,7,4,2,0,-2,-4,-6,-7.02,-9.02,-11
4520,14.96,11.96,9,7,4,2,0,-2,-4,-6,-7.04,-9.04,-11
4530,14.94,11.94,9,7,4,2,0,-2,-4,-6,-7.06,-9.06,-11
4540,14.92,11.92,9,7,4,2,0,-2,-4,-6,-7.08,-9.08,-11
4550,14.9,11.9,9,7,4,2,0,-2,-4,-6,-7.1,-9.1,-11
4560,14.88,11.88,9,7,4,2,0,-2,-4,-6,-7.12,-9.12,-11
4570,14.86,11.86,9,7,4,2,0,-2,-4,-6,-7.14,-9.14,-11
4580,14.84,11.84,9,7,4,2,0,-2,-4,-6,-7.16,-9.16,-11
4590,14.82,11.82,9,7,4,2,0,-2,-4,-6,-7.18,-9.18,-11
4600,14.8,11.8,9,7,4,2,0,-2,-4,-6,-7.2,-9.2,-11
4610,14.78,11.78,9,7,4,2,0,-2,-4,-6,-7.22,-9.22,-11
4620,14.76,11.76,9,7,4,2,0,-2,-4,-6,-7.24,-9.24,-11
4630,14.74,11.74,9,7,4,2,0,-2,-4,-6,-7.26,-9.26,-11
4640,14.72,11.72,9,7,4,2,0,-2,-4,-6,-7.28,-9.28,-11
4650,14.7,11.7,9,7,4,2,0,-2,-4,-6,-7.3,-9.3,-11
4660,14.68,11.68,9,7,4,2,0,-2,-4,-6,-7.32,-9.32,-11
4670,14.66,11.66,9,7,4,2,0,-2,-4,-6,-7.34,-9.34,-11
4680,14.64,11.64,9,7,4,2,0,-2,-4,-6,-7.36,-9.36,-11
4690,14.62,11.62,9,7,4,2,0,-2,-4,-6,-7.38,-9.38,-11
4700,14.6,11.6,9,7,4,2,0,-2,-4,-6,-7.4,-9.4,-11
4710,14.58,11.58,9,7,4,2,0,-2,-4,-6,-7.42,-9.42,-11
4720,14.56,11.56,9,7,4,2,0,-2,-4,-6,-7.44,-9.44,-11
4730,14.54,11.54,9,7,4,2,0,-2,-4,-6,-7.46,-9.46,-11
4740,14.52,11.52,9,7,4,2,0,-2,-4,-6,-7.48,-9.48,-11
4750,14.5,11.5,9,7,4,2,0,-2,-4,-6,-7.5,-9.5,-11
4760,14.48,11.48,9,7,4,2,0,-2,-4,-6,-7.52,-9.52,-11
4770,14.46,11.46,9,7,4,2,0,-2,-4,-6,-7.54,-9.54,-11
4780,14.44,11.44,9,7,4,2,0,-2,-4,-6,-7.56,-9.56,-11
4790,14.42,11.42,9,7,4,2,0,-2,-4,-6,-7.58,-9.58,-11
4800,14.4,11.4,9,7,4,2,0,-2,-4,-6,-7.6,-9.6,-11
4810,14.38,11.38,9,7,4,2,0,-2,-4,-6,-7.62,-9.62,-11
4820,14.36,11.36,9,7,4,2,0,-2,-4,-6,-7.64,-9.64,-11
4830,14.34,11.34,9,7,4,2,0,-2,-4,-6,-7.66,-9.66,-11
4840,14.32,11.32,9,7,4,2,0,-2,-4,-6,-7.68,-9.68,-11
4850,14.3,11.3,9,7,4,2,0,-2,-4,-6,-7.7,-9.7,-11
4860,14.28,11.28,9,7,4,2,0,-2,-4,-6,-7.72,-9.72,-11
4870,14.26,11.26,9,7,4,2,0,-2,-4,-6,-7.74,-9.74,-11
4880,14.24,11.24,9,7,4,2,0,-2,-4,-6,-7.76,-9.76,-11
4890,14.22,11.22,9,7,4,2,0,-2,-4,-6,-7.78,-9.78,-11
4900,14.2,11.2,9,7,4,2,0,-2,-4,-6,-7.8,-9.8,-11
4910,14.18,11.18,9,7,4,2,0,-2,-4,-6,-7.82,-9.82,-11
4920,14.16,11.16,9,7,4,2,0,-2,-4,-6,-7.84,-9.84,-11
4930,14.14,11.14,9,7,4,2,0,-2,-4,-6,-7.86,-9.86,-11
4940,14.12,11.12,9,7,4,2,0,-2,-4,-6,-7.88,-9.88,-11
4950,14.1,11.1,9,7,4,2,0,-2,-4,-6,-7.9,-9.9,-11
4960,14.08,11.08,9,7,4,2,0,-2,-4,-6,-7.92,-9.92,-11
4970,14.06,11.06,9,7,4,2,0,-2,-4,-6,-7.94,-9.94,-11
4980,14.04,11.04,9,7,4,2,0,-2,-4,-6,-7.96,-9.96,-11
4990,14.02,11.02,9,7,4,2,0,-2,-4,-6,-7.98,-9.98,-11
5000,14,11,9,7,4,2,0,-2,-4,-6,-8,-10,-11
5010,13.98,11,9,6.98,4,2,0,-2,-4,-6,-8,-10,-11.02
5020,13.96,11,9,6.96,4,2,0,-2,-4,-6,-8,-10,-11.04
5030,13.94,11,9,6.94,4,2,0,-2,-4,-6,-8,-10,-11.06
5040,13.92,11,9,6.92,4,2,0,-2,-4,-6,-8,-10,-11.08
5050,13.9,11,9,6.9,4,2,0,-2,-4,-6,-8,-10,-11.1
5060,13.88,11,9,6.88,4,2,0,-2,-4,-6,-8,-10,-11.12
5070,13.86,11,9,6.86,4,2,0,-2,-4,-6,-8,-10,-11.14
5080,13.84,11,9,6.84,4,2,0,-2,-4,-6,-8,-10,-11.16
5090,13.82,11,9,6.82,4,2,0,-2,-4,-6,-8,-10,-11.18
5100,13.8,11,9,6.8,4,2,0,-2,-4,-6,-8,-10,-11.2
5110,13.78,11,9,6.78,4,2,0,-2,-4,-6,-8,-10,-11.22
5120,13.76,11,9,6.76,4,2,0,-2,-4,-6,-8,-10,-11.24
5130,13.74,11,9,6.74,4,2,0,-2,-4,-6,-8,-10,-11.26
5140,13.72,11,9,6.72,4,2,0,-2,-4,-6,-8,-10,-11.28
5150,13.7,11,9,6.7,4,2,0,-2,-4,-6,-8,-10,-11.3
5160,13.68,11,9,6.68,4,2,0,-2,-4,-6,-8,-10,-11.32
5170,13.66,11,9,6.66,4,2,0,-2,-4,-6,-8,-10,-11.34
5180,13.64,11,9,6.64,4,2,0,-2,-4,-6,-8,-10,-11.36
5190,13.62,11,9,6.62,4,2,0,-2,-4,-6,-8,-10,-11.38
5200,13.6,11,9,6.6,4,2,0,-2,-4,-6,-8,-10,-11.4
5210,13.58,11,9,6.58,4,2,0,-2,-4,-6,-8,-10,-11.42
5220,13.56,11,9,6.56,4,2,0,-2,-4,-6,-8,-10,-11.44
5230,13.54,11,9,6.54,4,2,0,-2,-4,-6,-8,-10,-11.46
5240,13.52,11,9,6.52,4,2,0,-2,-4,-6,-8,-10,-11.48
5250,13.5,11,9,6.5,4,2,0,-2,-4,-6,-8,-10,-11.5
5260,13.48,11,9,6.48,4,2,0,-2,-4,-6,-8,-10,-11.52
5270,13.46,11,9,6.46,4,2,0,-2,-4,-6,-8,-10,-11.54
5280,13.44,11,9,6.44,4,2,0,-2,-4,-6,-8,-10,-11.56
5290,13.42,11,9,6.42,4,2,0,-2,-4,-6,-8,-10,-11.58
5300,13.4,11,9,6.4,4,2,0,-2,-4,-6,-8,-10,-11.6
5310,13.38,11,9,6.38,4,2,0,-2,-4,-6,-8,-10,-11.62
5320,13.36,11,9,6.36,4,2,0,-2,-4,-6,-8,-10,-11.64
5330,13.34,11,9,6.34,4,2,0,-2,-4,-6,-8,-10,-11.66
5340,13.32,11,9,6.32,4,2,0,-2,-4,-6,-8,-10,-11.68
5350,13.3,11,9,6.3,4,2,0,-2,-4,-6,-8,-10,-11.7
5360,13.28,11,9,6.28,4,2,0,-2,-4,-6,-8,-10,-11.72
5370,13.26,11,9,6.26,4,2,0,-2,-4,-6,-8,-10,-11.74
5380,13.24,11,9,6.24,4,2,0,-2,-4,-6,-8,-10,-11.76
5390,13.22,11,9,6.22,4,2,0,-2,-4,-6,-8,-10,-11.78
5400,13.2,11,9,6.2,4,2,0,-2,-4,-6,-8,-10,-11.8
5410,13.18,11,9,6.18,4,2,0,-2,-4,-6,-8,-10,-11.82
5420,13.16,11,9,6.16,4,2,0,-2,-4,-6,-8,-10,-11.84
5430,13.14,11,9,6.14,4,2,0,-2,-4,-6,-8,-10,-11.86
5440,13.12,11,9,6.12,4,2,0,-2,-4,-6,-8,-10,-11.88
5450,13.1,11,9,6.1,4,2,0,-2,-4,-6,-8,-10,-11.9
5460,13.08,11,9,6.08,4,2,0,-2,-4,-6,-8,-10,-11.92
5470,13.06,11,9,6.06,4,2,0,-2,-4,-6,-8,-10,-11.94
5480,13.04,11,9,6.04,4,2,0,-2,-4,-6,-8,-10,-11.96
5490,13.02,11,9,6.02,4,2,0,-2,-4,-6,-8,-10,-11.98
5500,13,11,9,6,4,2,0,-2,-4,-6,-8,-10,-12
5510,13,10.98,8.98,6,4,2,0,-2,-4,-6,-8,-10,-12.02
5520,13,10.96,8.96,6,4,2,0,-2,-4,-6,-8,-10,-12.04
5530,13,10.94,8.94,6,4,2,0,-2,-4,-6,-8,-10,-12.06
5540,13,10.92,8.92,6,4,2,0,-2,-4,-6,-8,-10,-12.08
5550,13,10.9,8.9,6,4,2,0,-2,-4,-6,-8,-10,-12.1
5560,13,10.88,8.88,6,4,2,0,-2,-4,-6,-8,-10,-12.12
5570,13,10.86,8.86,6,4,2,0,-2,-4,-6,-8,-10,-12.14
5580,13,10.84,8.84,6,4,2,0,-2,-4,-6,-8,-10,-12.16
5590,13,10.82,8.82,6,4,2,0,-2,-4,-6,-8,-10,-12.18
5600,13,10.8,8.8,6,4,2,0,-2,-4,-6,-8,-10,-12.2
5610,13,10.78,8.78,6,4,2,0,-2,-4,-6,-8,-10,-12.22
5620,13,10.76,8.76,6,4,2,0,-2,-4,-6,-8,-10,-12.24
5630,13,10.74,8.74,6,4,2,0,-2,-4,-6,-8,-10,-12.26
5640,13,10.72,8.72,6,4,2,0,-2,-4,-6,-8,-10,-12.28
5650,13,10.7,8.7,6,4,2,0,-2,-4,-6,-8,-10,-12.3
5660,13,10.68,8.68,6,4,2,0,-2,-4,-6,-8,-10,-12.32
5670,13,10.66,8.66,6,4,2,0,-2,-4,-6,-8,-10,-12.34
5680,13,10.64,8.64,6,4,2,0,-2,-4,-6,-8,-10,-12.36
5690,13,10.62,8.62,6,4,2,0,-2,-4,-6,-8,-10,-12.38
5700,13,10.6,8.6,6,4,2,0,-2,-4,-6,-8,-10,-12.4
5710,13,10.58,8.58,6,4,2,0,-2,-4,-6,-8,-10,-12.42
5720,13,10.56,8.56,6,4,2,0,-2,-4,-6,-8,-10,-12.44
5730,13,10.54,8.54,6,4,2,0,-2,-4,-6,-8,-10,-12.46
5740,13,10.52,8.52,6,4,2,0,-2,-4,-6,-8,-10,-12.48
5750,13,10.5,8.5,6,4,2,0,-2,-4,-6,-8,-10,-12.5
5760,13,10.48,8.48,6,4,2,0,-2,-4,-6,-8,-10,-12.52
5770,13,10.46,8.46,6,4,2,0,-2,-4,-6,-8,-10,-12.54
5780,13,10.44,8.44,6,4,2,0,-2,-4,-6,-8,-10,-12.56
5790,13,10.42,8.42,6,4,2,0,-2,-4,-6,-8,-10,-12.58
5800,13,10.4,8.4,6,4,2,0,-2,-4,-6,-8,-10,-12.6
5810,13,10.38,8.38,6,4,2,0,-2,-4,-6,-8,-10,-12.62
5820,13,10.36,8.36,6,4,2,0,-2,-4,-6,-8,-10,-12.64
5830,13,10.34,8.34,6,4,2,0,-2,-4,-6,-8,-10,-12.66
5840,13,10.32,8.32,6,4,2,0,-2,-4,-6,-8,-10,-12.68
5850,13,10.3,8.3,6,4,2,0,-2,-4,-6,-8,-10,-12.7
5860,13,10.28,8.28,6,4,2,0,-2,-4,-6,-8,-10,-12.72
5870,13,10.26,8.26,6,4,2,0,-2,-4,-6,-8,-10,-12.74
5880,13,10.24,8.24,6,4,2,0,-2,-4,-6,-8,-10,-12.76
5890,13,10.22,8.22,6,4,2,0,-2,-4,-6,-8,-10,-12.78
5900,13,10.2,8.2,6,4,2,0,-2,-4,-6,-8,-10,-12.8
5910,13,10.18,8.18,6,4,2,0,-2,-4,-6,-8,-10,-12.82
5920,13,10.16,8.16,6,4,2,0,-2,-4,-6,-8,-10,-12.84
5930,13,10.14,8.14,6,4,2,0,-2,-4,-6,-8,-10,-12.86
5940,13,10.12,8.12,6,4,2,0,-2,-4,-6,-8,-10,-12.88
5950,13,10.1,8.1,6,4,2,0,-2,-4,-6,-8,-10,-12.9
5960,13,10.08,8.08,6,4,2,0,-2,-4,-6,-8,-10,-12.92
5970,13,10.06,8.06,6,4,2,0,-2,-4,-6,-8,-10,-12.94
5980,13,10.04,8.04,6,4,2,0,-2,-4,-6,-8,-10,-12.96
5990,13,10.02,8.02,6,4,2,0,-2,-4,-6,-8,-10,-12.98
6000,13,10,8,6,4,2,0,-2,-4,-6,-8,-10,-13
6010,12.98,10,8,6,4,2,0,-2,-4,-6,-8.02,-10.02,-13
6020,12.96,10,8,6,4,2,0,-2,-4,-6,-8.04,-10.04,-13
6030,12.94,10,8,6,4,2,0,-2,-4,-6,-8.06,-10.06,-13
6040,12.92,10,8,6,4,2,0,-2,-4,-6,-8.08,-10.08,-13
6050,12.9,10,8,6,4,2,0,-2,-4,-6,-8.1,-10.1,-13
6060,12.88,10,8,6,4,2,0,-2,-4,-6,-8.12,-10.12,-13
6070,12.86,10,8,6,4,2,0,-2,-4,-6,-8.14,-10.14,-13
6080,12.84,10,8,6,4,2,0,-2,-4,-6,-8.16,-10.16,-13
6090,12.82,10,8,6,4,2,0,-2,-4,-6,-8.18,-10.18,-13
6100,12.8,10,8,6,4,2,0,-2,-4,-6,-8.2,-10.2,-13
6110,12.78,10,8,6,4,2,0,-2,-4,-6,-8.22,-10.22,-13
6120,12.76,10,8,6,4,2,0,-2,-4,-6,-8.24,-10.24,-13
6130,12.74,10,8,6,4,2,0,-2,-4,-6,-8.26,-10.26,-13
6140,12.72,10,8,6,4,2,0,-2,-4,-6,-8.28,-10.28,-13
6150,12.7,10,8,6,4,2,0,-2,-4,-6,-8.3,-10.3,-13
6160,12.68,10,8,6,4,2,0,-2,-4,-6,-8.32,-10.32,-13
6170,12.66,10,8,6,4,2,0,-2,-4,-6,-8.34,-10.34,-13
6180,12.64,10,8,6,4,2,0,-2,-4,-6,-8.36,-10.36,-13
6190,12.62,10,8,6,4,2,0,-2,-4,-6,-8.38,-10.38,-13
6200,12.6,10,8,6,4,2,0,-2,-4,-6,-8.4,-10.4,-13
6210,12.58,10,8,6,4,2,0,-2,-4,-6,-8.42,-10.42,-13
6220,12.56,10,8,6,4,2,0,-2,-4,-6,-8.44,-10.44,-13
6230,12.54,10,8,6,4,2,0,-2,-4,-6,-8.46,-10.46,-13
6240,12.52,10,8,6,4,2,0,-2,-4,-6,-8.48,-10.48,-13
6250,12.5,10,8,6,4,2,0,-2,-4,-6,-8.5,-10.5,-13
6260,12.48,10,8,6,4,2,0,-2,-4,-6,-8.52,-10.52,-13
6270,12.46,10,8,6,4,2,0,-2,-4,-6,-8.54,-10.54,-13
6280,12.44,10,8,6,4,2,0,-2,-4,-6,-8.56,-10.56,-13
6290,12.42,10,8,6,4,2,0,-2,-4,-6,-8.58,-10.58,-13
6300,12.4,10,8,6,4,2,0,-2,-4,-6,-8.6,-10.6,-13
6310,12.38,10,8,6,4,2,0,-2,-4,-6,-8.62,-10.62,-13
6320,12.36,10,8,6,4,2,0,-2,-4,-6,-8.64,-10.64,-13
6330,12.34,10,8,6,4,2,0,-2,-4,-6,-8.66,-10.66,-13
6340,12.32,10,8,6,4,2,0,-2,-4,-6,-8.68,-10.68,-13
6350,12.3,10,8,6,4,2,0,-2,-4,-6,-8.7,-10.7,-13
6360,12.28,10,8,6,4,2,0,-2,-4,-6,-8.72,-10.72,-13
6370,12.26,10,8,6,4,2,0,-2,-4,-6,-8.74,-10.74,-13
6380,12.24,10,8,6,4,2,0,-2,-4,-6,-8.76,-10.76,-13
6390,12.22,10,8,6,4,2,0,-2,-4,-6,-8.78,-10.78,-13
6400,12.2,10,8,6,4,2,0,-2,-4,-6,-8.8,-10.8,-13
6410,12.18,10,8,6,4,2,0,-2,-4,-6,-8.82,-10.82,-13
6420,12.16,10,8,6,4,2,0,-2,-4,-6,-8.84,-10.84,-13
6430,12.14,10,8,6,4,2,0,-2,-4,-6,-8.86,-10.86,-13
6440,12.12,10,8,6,4,2,0,-2,-4,-6,-8.88,-10.88,-13
6450,12.1,10,8,6,4,2,0,-2,-4,-6,-8.9,-10.9,-13
6460,12.08,10,8,6,4,2,0,-2,-4,-6,-8.92,-10.92,-13
6470,12.06,10,8,6,4,2,0,-2,-4,-6,-8.94,-10.94,-13
6480,12.04,10,8,6,4,2,0,-2,-4,-6,-8.96,-10.96,-13
6490,12.02,10,8,6,4,2,0,-2,-4,-6,-8.98,-10.98,-13
6500,12,10,8,6,4,2,0,-2,-4,-6,-9,-11,-13
6510,11.98,10,8,6,4,2,0,-2,-4,-6.02,-9,-11,-13.02
6520,11.96,10,8,6,4,2,0,-2,-4,-6.04,-9,-11,-13.04
6530,11.94,10,8,6,4,2,0,-2,-4,-6.06,-9,-11,-13.06
6540,11.92,10,8,6,4,2,0,-2,-4,-6.08,-9,-11,-13.08
6550,11.9,10,8,6,4,2,0,-2,-4,-6.1,-9,-11,-13.1
6560,11.88,10,8,6,4,2,0,-2,-4,-6.12,-9,-11,-13.12
6570,11.86,10,8,6,4,2,0,-2,-4,-6.14,-9,-11,-13.14
6580,11.84,10,8,6,4,2,0,-2,-4,-6.16,-9,-11,-13.16
6590,11.82,10,8,6,4,2,0,-2,-4,-6.18,-9,-11,-13.18
6600,11.8,10,8,6,4,2,0,-2,-4,-6.2,-9,-11,-13.2
6610,11.78,10,8,6,4,2,0,-2,-4,-6.22,-9,-11,-13.22
6620,11.76,10,8,6,4,2,0,-2,-4,-6.24,-9,-11,-13.24
6630,11.74,10,8,6,4,2,0,-2,-4,-6.26,-9,-11,-13.26
6640,11.72,10,8,6,4,2,0,-2,-4,-6.28,-9,-11,-13.28
6650,11.7,10,8,6,4,2,0,-2,-4,-6.3,-9,-11,-13.3
6660,11.68,10,8,6,4,2,0,-2,-4,-6.32,-9,-11,-13.32
6670,11.66,10,8,6,4,2,0,-2,-4,-6.34,-9,-11,-13.34
6680,11.64,10,8,6,4,2,0,-2,-4,-6.36,-9,-11,-13.36
6690,11.62,10,8,6,4,2,0,-2,-4,-6.38,-9,-11,-13.38
6700,11.6,10,8,6,4,2,0,-2,-4,-6.4,-9,-11,-13.4
6710,11.58,10,8,6,4,2,0,-2,-4,-6.42,-9,-11,-13.42
6720,11.56,10,8,6,4,2,0,-2,-4,-6.44,-9,-11,-13.44
6730,11.54,10,8,6,4,2,0,-2,-4,-6.46,-9,-11,-13.46
6740,11.52,10,8,6,4,2,0,-2,-4,-6.48,-9,-11,-13.48
6750,11.5,10,8,6,4,2,0,-2,-4,-6.5,-9,-11,-13.5
6760,11.48,10,8,6,4,2,0,-2,-4,-6.52,-9,-11,-13.52
6770,11.46,10,8,6,4,2,0,-2,-4,-6.54,-9,-11,-13.54
6780,11.44,10,8,6,4,2,0,-2,-4,-6.56,-9,-11,-13.56
6790,11.42,10,8,6,4,2,0,-2,-4,-6.58,-9,-11,-13.58
6800,11.4,10,8,6,4,2,0,-2,-4,-6.6,-9,-11,-13.6
6810,11.38,10,8,6,4,2,0,-2,-4,-6.62,-9,-11,-13.62
6820,11.36,10,8,6,4,2,0,-2,-4,-6.64,-9,-11,-13.64
6830,11.34,10,8,6,4,2,0,-2,-4,-6.66,-9,-11,-13.66
6840,11.32,10,8,6,4,2,0,-2,-4,-6.68,-9,-11,-13.68
6850,11.3,10,8,6,4,2,0,-2,-4,-6.7,-9,-11,-13.7
6860,11.28,10,8,6,4,2,0,-2,-4,-6.72,-9,-11,-13.72
6870,11.26,10,8,6,4,2,0,-2,-4,-6.74,-9,-11,-13.74
6880,11.24,10,8,6,4,2,0,-2,-4,-6.76,-9,-11,-13.76
6890,11.22,10,8,6,4,2,0,-2,-4,-6.78,-9,-11,-13.78
6900,11.2,10,8,6,4,2,0,-2,-4,-6.8,-9,-11,-13.8
6910,11.18,10,8,6,4,2,0,-2,-4,-6.82,-9,-11,-13.82
6920,11.16,10,8,6,4,2,0,-2,-4,-6.84,-9,-11,-13.84
6930,11.14,10,8,6,4,2,0,-2,-4,-6.86,-9,-11,-13.86
6940,11.12,10,8,6,4,2,0,-2,-4,-6.88,-9,-11,-13.88
6950,11.1,10,8,6,4,2,0,-2,-4,-6.9,-9,-11,-13.9
6960,11.08,10,8,6,4,2,0,-2,-4,-6.92,-9,-11,-13.92
6970,11.06,10,8,6,4,2,0,-2,-4,-6.94,-9,-11,-13.94
6980,11.04,10,8,6,4,2,0,-2,-4,-6.96,-9,-11,-13.96
6990,11.02,10,8,6,4,2,0,-2,-4,-6.98,-9,-11,-13.98
7000,11,10,8,6,4,2,0,-2,-4,-7,-9,-11,-14
7010,10.98,9.98,7.98,6,4,2,0,-2,-4,-7,-9,-11.02,-14.02
7020,10.96,9.96,7.96,6,4,2,0,-2,-4,-7,-9,-11.04,-14.04
7030,10.94,9.94,7.94,6,4,2,0,-2,-4,-7,-9,-11.06,-14.06
7040,10.92,9.92,7.92,6,4,2,0,-2,-4,-7,-9,-11.08,-14.08
7050,10.9,9.9,7.9,6,4,2,0,-2,-4,-7,-9,-11.1,-14.1
7060,10.88,9.88,7.88,6,4,2,0,-2,-4,-7,-9,-11.12,-14.12
7070,10.86,9.86,7.86,6,4,2,0,-2,-4,-7,-9,-11.14,-14.14
7080,10.84,9.84,7.84,6,4,2,0,-2,-4,-7,-9,-11.16,-14.16
7090,10.82,9.82,7.82,6,4,2,0,-2,-4,-7,-9,-11.18,-14.18
7100,10.8,9.8,7.8,6,4,2,0,-2,-4,-7,-9,-11.2,-14.2
7110,10.78,9.78,7.78,6,4,2,0,-2,-4,-7,-9,-11.22,-14.22
7120,10.76,9.76,7.76,6,4,2,0,-2,-4,-7,-9,-11.24,-14.24
7130,10.74,9.74,7.74,6,4,2,0,-2,-4,-7,-9,-11.26,-14.26
7140,10.72,9.72,7.72,6,4,2,0,-2,-4,-7,-9,-11.28,-14.28
7150,10.7,9.7,7.7,6,4,2,0,-2,-4,-7,-9,-11.3,-14.3
7160,10.68,9.68,7.68,6,4,2,0,-2,-4,-7,-9,-11.32,-14.32
7170,10.66,9.66,7.66,6,4,2,0,-2,-4,-7,-9,-11.34,-14.34
7180,10.64,9.64,7.64,6,4,2,0,-2,-4,-7,-9,-11.36,-14.36
7190,10.62,9.62,7.62,6,4,2,0,-2,-4,-7,-9,-11.38,-14.38
7200,10.6,9.6,7.6,6,4,2,0,-2,-4,-7,-9,-11.4,-14.4
7210,10.58,9.58,7.58,6,4,2,0,-2,-4,-7,-9,-11.42,-14.42
7220,10.56,9.56,7.56,6,4,2,0,-2,-4,-7,-9,-11.44,-14.44
7230,10.54,9.54,7.54,6,4,2,0,-2,-4,-7,-9,-11.46,-14.46
7240,10.52,9.52,7.52,6,4,2,0,-2,-4,-7,-9,-11.48,-14.48
7250,10.5,9.5,7.5,6,4,2,0,-2,-4,-7,-9,-11.5,-14.5
7260,10.48,9.48,7.48,6,4,2,0,-2,-4,-7,-9,-11.52,-14.52
7270,10.46,9.46,7.46,6,4,2,0,-2,-4,-7,-9,-11.54,-14.54
7280,10.44,9.44,7.44,6,4,2,0,-2,-4,-7,-9,-11.56,-14.56
7290,10.42,9.42,7.42,6,4,2,0,-2,-4,-7,-9,-11.58,-14.58
7300,10.4,9.4,7.4,6,4,2,0,-2,-4,-7,-9,-11.6,-14.6
7310,10.38,9.38,7.38,6,4,2,0,-2,-4,-7,-9,-11.62,-14.62
7320,10.36,9.36,7.36,6,4,2,0,-2,-4,-7,-9,-11.64,-14.64
7330,10.34,9.34,7.34,6,4,2,0,-2,-4,-7,-9,-11.66,-14.66
7340,10.32,9.32,7.32,6,4,2,0,-2,-4,-7,-9,-11.68,-14.68
7350,10.3,9.3,7.3,6,4,2,0,-2,-4,-7,-9,-11.7,-14.7
7360,10.28,9.28,7.28,6,4,2,0,-2,-4,-7,-9,-11.72,-14.72
7370,10.26,9.26,7.26,6,4,2,0,-2,-4,-7,-9,-11.74,-14.74
7380,10.24,9.24,7.24,6,4,2,0,-2,-4,-7,-9,-11.76,-14.76
7390,10.22,9.22,7.22,6,4,2,0,-2,-4,-7,-9,-11.78,-14.78
7400,10.2,9.2,7.2,6,4,2,0,-2,-4,-7,-9,-11.8,-14.8
7410,10.18,9.18,7.18,6,4,2,0,-2,-4,-7,-9,-11.82,-14.82
7420,10.16,9.16,7.16,6,4,2,0,-2,-4,-7,-9,-11.84,-14.84
7430,10.14,9.14,7.14,6,4,2,0,-2,-4,-7,-9,-11.86,-14.86
7440,10.12,9.12,7.12,6,4,2,0,-2,-4,-7,-9,-11.88,-14.88
7450,10.1,9.1,7.1,6,4,2,0,-2,-4,-7,-9,-11.9,-14.9
7460,10.08,9.08,7.08,6,4,2,0,-2,-4,-7,-9,-11.92,-14.92
7470,10.06,9.06,7.06,6,4,2,0,-2,-4,-7,-9,-11.94,-14.94
7480,10.04,9.04,7.04,6,4,2,0,-2,-4,-7,-9,-11.96,-14.96
7490,10.02,9.02,7.02,6,4,2,0,-2,-4,-7,-9,-11.98,-14.98
7500,10,9,7,6,4,2,0,-2,-4,-7,-9,-12,-15
7510,10,9,7,6,4,2,0,-2,-4,-7,-9.02,-12,-15
7520,10,9,7,6,4,2,0,-2,-4,-7,-9.04,-12,-15
7530,10,9,7,6,4,2,0,-2,-4,-7,-9.06,-12,-15
7540,10,9,7,6,4,2,0,-2,-4,-7,-9.08,-12,-15
7550,10,9,7,6,4,2,0,-2,-4,-7,-9.1,-12,-15
7560,10,9,7,6,4,2,0,-2,-4,-7,-9.12,-12,-15
7570,10,9,7,6,4,2,0,-2,-4,-7,-9.14,-12,-15
7580,10,9,7,6,4,2,0,-2,-4,-7,-9.16,-12,-15
7590,10,9,7,6,4,2,0,-2,-4,-7,-9.18,-12,-15
7600,10,9,7,6,4,2,0,-2,-4,-7,-9.2,-12,-15
7610,10,9,7,6,4,2,0,-2,-4,-7,-9.22,-12,-15
7620,10,9,7,6,4,2,0,-2,-4,-7,-9.24,-12,-15
7630,10,9,7,6,4,2,0,-2,-4,-7,-9.26,-12,-15
7640,10,9,7,6,4,2,0,-2,-4,-7,-9.28,-12,-15
7650,10,9,7,6,4,2,0,-2,-4,-7,-9.3,-12,-15
7660,10,9,7,6,4,2,0,-2,-4,-7,-9.32,-12,-15
7670,10,9,7,6,4,2,0,-2,-4,-7,-9.34,-12,-15
7680,10,9,7,6,4,2,0,-2,-4,-7,-9.36,-12,-15
7690,10,9,7,6,4,2,0,-2,-4,-7,-9.38,-12,-15
7700,10,9,7,6,4,2,0,-2,-4,-7,-9.4,-12,-15
7710,10,9,7,6,4,2,0,-2,-4,-7,-9.42,-12,-15
7720,10,9,7,6,4,2,0,-2,-4,-7,-9.44,-12,-15
7730,10,9,7,6,4,2,0,-2,-4,-7,-9.46,-12,-15
7740,10,9,7,6,4,2,0,-2,-4,-7,-9.48,-12,-15
7750,10,9,7,6,4,2,0,-2,-4,-7,-9.5,-12,-15
7760,10,9,7,6,4,2,0,-2,-4,-7,-9.52,-12,-15
7770,10,9,7,6,4,2,0,-2,-4,-7,-9.54,-12,-15
7780,10,9,7,6,4,2,0,-2,-4,-7,-9.56,-12,-15
7790,10,9,7,6,4,2,0,-2,-4,-7,-9.58,-12,-15
7800,10,9,7,6,4,2,0,-2,-4,-7,-9.6,-12,-15
7810,10,9,7,6,4,2,0,-2,-4,-7,-9.62,-12,-15
7820,10,9,7,6,4,2,0,-2,-4,-7,-9.64,-12,-15
7830,10,9,7,6,4,2,0,-2,-4,-7,-9.66,-12,-15
7840,10,9,7,6,4,2,0,-2,-4,-7,-9.68,-12,-15
7850,10,9,7,6,4,2,0,-2,-4,-7,-9.7,-12,-15
7860,10,9,7,6,4,2,0,-2,-4,-7,-9.72,-12,-15
7870,10,9,7,6,4,2,0,-2,-4,-7,-9.74,-12,-15
7880,10,9,7,6,4,2,0,-2,-4,-7,-9.76,-12,-15
7890,10,9,7,6,4,2,0,-2,-4,-7,-9.78,-12,-15
7900,10,9,7,6,4,2,0,-2,-4,-7,-9.8,-12,-15
7910,10,9,7,6,4,2,0,-2,-4,-7,-9.82,-12,-15
7920,10,9,7,6,4,2,0,-2,-4,-7,-9.84,-12,-15
7930,10,9,7,6,4,2,0,-2,-4,-7,-9.86,-12,-15
7940,10,9,7,6,4,2,0,-2,-4,-7,-9.88,-12,-15
7950,10,9,7,6,4,2,0,-2,-4,-7,-9.9,-12,-15
7960,10,9,7,6,4,2,0,-2,-4,-7,-9.92,-12,-15
7970,10,9,7,6,4,2,0,-2,-4,-7,-9.94,-12,-15
7980,10,9,7,6,4,2,0,-2,-4,-7,-9.96,-12,-15
7990,10,9,7,6,4,2,0,-2,-4,-7,-9.98,-12,-15
8000,10,9,7,6,4,2,0,-2,-4,-7,-10,-12,-15
8010,9.98,8.98,7,5.98,4,2,0,-2,-4.02,-7,-10,-12.02,-15.02
8020,9.96,8.96,7,5.96,4,2,0,-2,-4.04,-7,-10,-12.04,-15.04
8030,9.94,8.94,7,5.94,4,2,0,-2,-4.06,-7,-10,-12.06,-15.06
8040,9.92,8.92,7,5.92,4,2,0,-2,-4.08,-7,-10,-12.08,-15.08
8050,9.9,8.9,7,5.9,4,2,0,-2,-4.1,-7,-10,-12.1,-15.1
8060,9.88,8.88,7,5.88,4,2,0,-2,-4.12,-7,-10,-12.12,-15.12
8070,9.86,8.86,7,5.86,4,2,0,-2,-4.14,-7,-10,-12.14,-15.14
8080,9.84,8.84,7,5.84,4,2,0,-2,-4.16,-7,-10,-12.16,-15.16
8090,9.82,8.82,7,5.82,4,2,0,-2,-4.18,-7,-10,-12.18,-15.18
8100,9.8,8.8,7,5.8,4,2,0,-2,-4.2,-7,-10,-12.2,-15.2
8110,9.78,8.78,7,5.78,4,2,0,-2,-4.22,-7,-10,-12.22,-15.22
8120,9.76,8.76,7,5.76,4,2,0,-2,-4.24,-7,-10,-12.24,-15.24
8130,9.74,8.74,7,5.74,4,2,0,-2,-4.26,-7,-10,-12.26,-15.26
8140,9.72,8.72,7,5.72,4,2,0,-2,-4.28,-7,-10,-12.28,-15.28
8150,9.7,8.7,7,5.7,4,2,0,-2,-4.3,-7,-10,-12.3,-15.3
8160,9.68,8.68,7,5.68,4,2,0,-2,-4.32,-7,-10,-12.32,-15.32
8170,9.66,8.66,7,5.66,4,2,0,-2,-4.34,-7,-10,-12.34,-15.34
8180,9.64,8.64,7,5.64,4,2,0,-2,-4.36,-7,-10,-12.36,-15.36
8190,9.62,8.62,7,5.62,4,2,0,-2,-4.38,-7,-10,-12.38,-15.38
8200,9.6,8.6,7,5.6,4,2,0,-2,-4.4,-7,-10,-12.4,-15.4
8210,9.58,8.58,7,5.58,4,2,0,-2,-4.42,-7,-10,-12.42,-15.42
8220,9.56,8.56,7,5.56,4,2,0,-2,-4.44,-7,-10,-12.44,-15.44
8230,9.54,8.54,7,5.54,4,2,0,-2,-4.46,-7,-10,-12.46,-15.46
8240,9.52,8.52,7,5.52,4,2,0,-2,-4.48,-7,-10,-12.48,-15.48
8250,9.5,8.5,7,5.5,4,2,0,-2,-4.5,-7,-10,-12.5,-15.5
8260,9.48,8.48,7,5.48,4,2,0,-2,-4.52,-7,-10,-12.52,-15.52
8270,9.46,8.46,7,5.46,4,2,0,-2,-4.54,-7,-10,-12.54,-15.54
8280,9.44,8.44,7,5.44,4,2,0,-2,-4.56,-7,-10,-12.56,-15.56
8290,9.42,8.42,7,5.42,4,2,0,-2,-4.58,-7,-10,-12.58,-15.58
8300,9.4,8.4,7,5.4,4,2,0,-2,-4.6,-7,-10,-12.6,-15.6
8310,9.38,8.38,7,5.38,4,2,0,-2,-4.62,-7,-10,-12.62,-15.62
8320,9.36,8.36,7,5.36,4,2,0,-2,-4.64,-7,-10,-12.64,-15.64
8330,9.34,8.34,7,5.34,4,2,0,-2,-4.66,-7,-10,-12.66,-15.66
8340,9.32,8.32,7,5.32,4,2,0,-2,-4.68,-7,-10,-12.68,-15.68
8350,9.3,8.3,7,5.3,4,2,0,-2,-4.7,-7,-10,-12.7,-15.7
8360,9.28,8.28,7,5.28,4,2,0,-2,-4.72,-7,-10,-12.72,-15.72
8370,9.26,8.26,7,5.26,4,2,0,-2,-4.74,-7,-10,-12.74,-15.74
8380,9.24,8.24,7,5.24,4,2,0,-2,-4.76,-7,-10,-12.76,-15.76
8390,9.22,8.22,7,5.22,4,2,0,-2,-4.78,-7,-10,-12.78,-15.78
8400,9.2,8.2,7,5.2,4,2,0,-2,-4.8,-7,-10,-12.8,-15.8
8410,9.18,8.18,7,5.18,4,2,0,-2,-4.82,-7,-10,-12.82,-15.82
8420,9.16,8.16,7,5.16,4,2,0,-2,-4.84,-7,-10,-12.84,-15.84
8430,9.14,8.14,7,5.14,4,2,0,-2,-4.86,-7,-10,-12.86,-15.86
8440,9.12,8.12,7,5.12,4,2,0,-2,-4.88,-7,-10,-12.88,-15.88
8450,9.1,8.1,7,5.1,4,2,0,-2,-4.9,-7,-10,-12.9,-15.9
8460,9.08,8.08,7,5.08,4,2,0,-2,-4.92,-7,-10,-12.92,-15.92
8470,9.06,8.06,7,5.06,4,2,0,-2,-4.94,-7,-10,-12.94,-15.94
8480,9.04,8.04,7,5.04,4,2,0,-2,-4.96,-7,-10,-12.96,-15.96
8490,9.02,8.02,7,5.02,4,2,0,-2,-4.98,-7,-10,-12.98,-15.98
8500,9,8,7,5,4,2,0,-2,-5,-7,-10,-13,-16
8510,8.98,8,7,5,4,2,0,-2,-5,-7,-10,-13,-16.02
8520,8.96,8,7,5,4,2,0,-2,-5,-7,-10,-13,-16.04
8530,8.94,8,7,5,4,2,0,-2,-5,-7,-10,-13,-16.06
8540,8.92,8,7,5,4,2,0,-2,-5,-7,-10,-13,-16.08
8550,8.9,8,7,5,4,2,0,-2,-5,-7,-10,-13,-16.1
8560,8.88,8,7,5,4,2,0,-2,-5,-7,-10,-13,-16.12
8570,8.86,8,7,5,4,2,0,-2,-5,-7,-10,-13,-16.14
8580,8.84,8,7,5,4,2,0,-2,-5,-7,-10,-13,-16.16
8590,8.82,8,7,5,4,2,0,-2,-5,-7,-10,-13,-16.18
8600,8.8,8,7,5,4,2,0,-2,-5,-7,-10,-13,-16.2
8610,8.78,8,7,5,4,2,0,-2,-5,-7,-10,-13,-16.22
8620,8.76,8,7,5,4,2,0,-2,-5,-7,-10,-13,-16.24
8630,8.74,8,7,5,4,2,0,-2,-5,-7,-10,-13,-16.26
8640,8.72,8,7,5,4,2,0,-2,-5,-7,-10,-13,-16.28
8650,8.7,8,7,5,4,2,0,-2,-5,-7,-10,-13,-16.3
8660,8.68,8,7,5,4,2,0,-2,-5,-7,-10,-13,-16.32
8670,8.66,8,7,5,4,2,0,-2,-5,-7,-10,-13,-16.34
8680,8.64,8,7,5,4,2,0,-2,-5,-7,-10,-13,-16.36
8690,8.62,8,7,5,4,2,0,-2,-5,-7,-10,-13,-16.38
8700,8.6,8,7,5,4,2,0,-2,-5,-7,-10,-13,-16.4
8710,8.58,8,7,5,4,2,0,-2,-5,-7,-10,-13,-16.42
8720,8.56,8,7,5,4,2,0,-2,-5,-7,-10,-13,-16.44
8730,8.54,8,7,5,4,2,0,-2,-5,-7,-10,-13,-16.46
8740,8.52,8,7,5,4,2,0,-2,-5,-7,-10,-13,-16.48
8750,8.5,8,7,5,4,2,0,-2,-5,-7,-10,-13,-16.5
8760,8.48,8,7,5,4,2,0,-2,-5,-7,-10,-13,-16.52
8770,8.46,8,7,5,4,2,0,-2,-5,-7,-10,-13,-16.54
8780,8.44,8,7,5,4,2,0,-2,-5,-7,-10,-13,-16.56
8790,8.42,8,7,5,4,2,0,-2,-5,-7,-10,-13,-16.58
8800,8.4,8,7,5,4,2,0,-2,-5,-7,-10,-13,-16.6
8810,8.38,8,7,5,4,2,0,-2,-5,-7,-10,-13,-16.62
8820,8.36,8,7,5,4,2,0,-2,-5,-7,-10,-13,-16.64
8830,8.34,8,7,5,4,2,0,-2,-5,-7,-10,-13,-16.66
8840,8.32,8,7,5,4,2,0,-2,-5,-7,-10,-13,-16.68
8850,8.3,8,7,5,4,2,0,-2,-5,-7,-10,-13,-16.7
8860,8.28,8,7,5,4,2,0,-2,-5,-7,-10,-13,-16.72
8870,8.26,8,7,5,4,2,0,-2,-5,-7,-10,-13,-16.74
8880,8.24,8,7,5,4,2,0,-2,-5,-7,-10,-13,-16.76
8890,8.22,8,7,5,4,2,0,-2,-5,-7,-10,-13,-16.78
8900,8.2,8,7,5,4,2,0,-2,-5,-7,-10,-13,-16.8
8910,8.18,8,7,5,4,2,0,-2,-5,-7,-10,-13,-16.82
8920,8.16,8,7,5,4,2,0,-2,-5,-7,-10,-13,-16.84
8930,8.14,8,7,5,4,2,0,-2,-5,-7,-10,-13,-16.86
8940,8.12,8,7,5,4,2,0,-2,-5,-7,-10,-13,-16.88
8950,8.1,8,7,5,4,2,0,-2,-5,-7,-10,-13,-16.9
8960,8.08,8,7,5,4,2,0,-2,-5,-7,-10,-13,-16.92
8970,8.06,8,7,5,4,2,0,-2,-5,-7,-10,-13,-16.94
8980,8.04,8,7,5,4,2,0,-2,-5,-7,-10,-13,-16.96
8990,8.02,8,7,5,4,2,0,-2,-5,-7,-10,-13,-16.98
9000,8,8,7,5,4,2,0,-2,-5,-7,-10,-13,-17
9010,8,7.98,6.98,5,4,2,0,-2,-5,-7,-10.02,-13.02,-17
9020,8,7.96,6.96,5,4,2,0,-2,-5,-7,-10.04,-13.04,-17
9030,8,7.94,6.94,5,4,2,0,-2,-5,-7,-10.06,-13.06,-17
9040,8,7.92,6.92,5,4,2,0,-2,-5,-7,-10.08,-13.08,-17
9050,8,7.9,6.9,5,4,2,0,-2,-5,-7,-10.1,-13.1,-17
9060,8,7.88,6.88,5,4,2,0,-2,-5,-7,-10.12,-13.12,-17
9070,8,7.86,6.86,5,4,2,0,-2,-5,-7,-10.14,-13.14,-17
9080,8,7.84,6.84,5,4,2,0,-2,-5,-7,-10.16,-13.16,-17
9090,8,7.82,6.82,5,4,2,0,-2,-5,-7,-10.18,-13.18,-17
9100,8,7.8,6.8,5,4,2,0,-2,-5,-7,-10.2,-13.2,-17
9110,8,7.78,6.78,5,4,2,0,-2,-5,-7,-10.22,-13.22,-17
9120,8,7.76,6.76,5,4,2,0,-2,-5,-7,-10.24,-13.24,-17
9130,8,7.74,6.74,5,4,2,0,-2,-5,-7,-10.26,-13.26,-17
9140,8,7.72,6.72,5,4,2,0,-2,-5,-7,-10.28,-13.28,-17
9150,8,7.7,6.7,5,4,2,0,-2,-5,-7,-10.3,-13.3,-17
9160,8,7.68,6.68,5,4,2,0,-2,-5,-7,-10.32,-13.32,-17
9170,8,7.66,6.66,5,4,2,0,-2,-5,-7,-10.34,-13.34,-17
9180,8,7.64,6.64,5,4,2,0,-2,-5,-7,-10.36,-13.36,-17
9190,8,7.62,6.62,5,4,2,0,-2,-5,-7,-10.38,-13.38,-17
9200,8,7.6,6.6,5,4,2,0,-2,-5,-7,-10.4,-13.4,-17
9210,8,7.58,6.58,5,4,2,0,-2,-5,-7,-10.42,-13.42,-17
9220,8,7.56,6.56,5,4,2,0,-2,-5,-7,-10.44,-13.44,-17
9230,8,7.54,6.54,5,4,2,0,-2,-5,-7,-10.46,-13.46,-17
9240,8,7.52,6.52,5,4,2,0,-2,-5,-7,-10.48,-13.48,-17
9250,8,7.5,6.5,5,4,2,0,-2,-5,-7,-10.5,-13.5,-17
9260,8,7.48,6.48,5,4,2,0,-2,-5,-7,-10.52,-13.52,-17
9270,8,7.46,6.46,5,4,2,0,-2,-5,-7,-10.54,-13.54,-17
9280,8,7.44,6.44,5,4,2,0,-2,-5,-7,-10.56,-13.56,-17
9290,8,7.42,6.42,5,4,2,0,-2,-5,-7,-10.58,-13.58,-17
9300,8,7.4,6.4,5,4,2,0,-2,-5,-7,-10.6,-13.6,-17
9310,8,7.38,6.38,5,4,2,0,-2,-5,-7,-10.62,-13.62,-17
9320,8,7.36,6.36,5,4,2,0,-2,-5,-7,-10.64,-13.64,-17
9330,8,7.34,6.34,5,4,2,0,-2,-5,-7,-10.66,-13.66,-17
9340,8,7.32,6.32,5,4,2,0,-2,-5,-7,-10.68,-13.68,-17
9350,8,7.3,6.3,5,4,2,0,-2,-5,-7,-10.7,-13.7,-17
9360,8,7.28,6.28,5,4,2,0,-2,-5,-7,-10.72,-13.72,-17
9370,8,7.26,6.26,5,4,2,0,-2,-5,-7,-10.74,-13.74,-17
9380,8,7.24,6.24,5,4,2,0,-2,-5,-7,-10.76,-13.76,-17
9390,8,7.22,6.22,5,4,2,0,-2,-5,-7,-10.78,-13.78,-17
9400,8,7.2,6.2,5,4,2,0,-2,-5,-7,-10.8,-13.8,-17
9410,8,7.18,6.18,5,4,2,0,-2,-5,-7,-10.82,-13.82,-17
9420,8,7.16,6.16,5,4,2,0,-2,-5,-7,-10.84,-13.84,-17
9430,8,7.14,6.14,5,4,2,0,-2,-5,-7,-10.86,-13.86,-17
9440,8,7.12,6.12,5,4,2,0,-2,-5,-7,-10.88,-13.88,-17
9450,8,7.1,6.1,5,4,2,0,-2,-5,-7,-10.9,-13.9,-17
9460,8,7.08,6.08,5,4,2,0,-2,-5,-7,-10.92,-13.92,-17
9470,8,7.06,6.06,5,4,2,0,-2,-5,-7,-10.94,-13.94,-17
9480,8,7.04,6.04,5,4,2,0,-2,-5,-7,-10.96,-13.96,-17
9490,8,7.02,6.02,5,4,2,0,-2,-5,-7,-10.98,-13.98,-17
9500,8,7,6,5,4,2,0,-2,-5,-7,-11,-14,-17
9510,7.98,7,6,5,4,2,0,-2,-5,-7.02,-11,-14,-17.02
9520,7.96,7,6,5,4,2,0,-2,-5,-7.04,-11,-14,-17.04
9530,7.94,7,6,5,4,2,0,-2,-5,-7.06,-11,-14,-17.06
9540,7.92,7,6,5,4,2,0,-2,-5,-7.08,-11,-14,-17.08
9550,7.9,7,6,5,4,2,0,-2,-5,-7.1,-11,-14,-17.1
9560,7.88,7,6,5,4,2,0,-2,-5,-7.12,-11,-14,-17.12
9570,7.86,7,6,5,4,2,0,-2,-5,-7.14,-11,-14,-17.14
9580,7.84,7,6,5,4,2,0,-2,-5,-7.16,-11,-14,-17.16
9590,7.82,7,6,5,4,2,0,-2,-5,-7.18,-11,-14,-17.18
9600,7.8,7,6,5,4,2,0,-2,-5,-7.2,-11,-14,-17.2
9610,7.78,7,6,5,4,2,0,-2,-5,-7.22,-11,-14,-17.22
9620,7.76,7,6,5,4,2,0,-2,-5,-7.24,-11,-14,-17.24
9630,7.74,7,6,5,4,2,0,-2,-5,-7.26,-11,-14,-17.26
9640,7.72,7,6,5,4,2,0,-2,-5,-7.28,-11,-14,-17.28
9650,7.7,7,6,5,4,2,0,-2,-5,-7.3,-11,-14,-17.3
9660,7.68,7,6,5,4,2,0,-2,-5,-7.32,-11,-14,-17.32
9670,7.66,7,6,5,4,2,0,-2,-5,-7.34,-11,-14,-17.34
9680,7.64,7,6,5,4,2,0,-2,-5,-7.36,-11,-14,-17.36
9690,7.62,7,6,5,4,2,0,-2,-5,-7.38,-11,-14,-17.38
9700,7.6,7,6,5,4,2,0,-2,-5,-7.4,-11,-14,-17.4
9710,7.58,7,6,5,4,2,0,-2,-5,-7.42,-11,-14,-17.42
9720,7.56,7,6,5,4,2,0,-2,-5,-7.44,-11,-14,-17.44
9730,7.54,7,6,5,4,2,0,-2,-5,-7.46,-11,-14,-17.46
9740,7.52,7,6,5,4,2,0,-2,-5,-7.48,-11,-14,-17.48
9750,7.5,7,6,5,4,2,0,-2,-5,-7.5,-11,-14,-17.5
9760,7.48,7,6,5,4,2,0,-2,-5,-7.52,-11,-14,-17.52
9770,7.46,7,6,5,4,2,0,-2,-5,-7.54,-11,-14,-17.54
9780,7.44,7,6,5,4,2,0,-2,-5,-7.56,-11,-14,-17.56
9790,7.42,7,6,5,4,2,0,-2,-5,-7.58,-11,-14,-17.58
9800,7.4,7,6,5,4,2,0,-2,-5,-7.6,-11,-14,-17.6
9810,7.38,7,6,5,4,2,0,-2,-5,-7.62,-11,-14,-17.62
9820,7.36,7,6,5,4,2,0,-2,-5,-7.64,-11,-14,-17.64
9830,7.34,7,6,5,4,2,0,-2,-5,-7.66,-11,-14,-17.66
9840,7.32,7,6,5,4,2,0,-2,-5,-7.68,-11,-14,-17.68
9850,7.3,7,6,5,4,2,0,-2,-5,-7.7,-11,-14,-17.7
9860,7.28,7,6,5,4,2,0,-2,-5,-7.72,-11,-14,-17.72
9870,7.26,7,6,5,4,2,0,-2,-5,-7.74,-11,-14,-17.74
9880,7.24,7,6,5,4,2,0,-2,-5,-7.76,-11,-14,-17.76
9890,7.22,7,6,5,4,2,0,-2,-5,-7.78,-11,-14,-17.78
9900,7.2,7,6,5,4,2,0,-2,-5,-7.8,-11,-14,-17.8
9910,7.18,7,6,5,4,2,0,-2,-5,-7.82,-11,-14,-17.82
9920,7.16,7,6,5,4,2,0,-2,-5,-7.84,-11,-14,-17.84
9930,7.14,7,6,5,4,2,0,-2,-5,-7.86,-11,-14,-17.86
9940,7.12,7,6,5,4,2,0,-2,-5,-7.88,-11,-14,-17.88
9950,7.1,7,6,5,4,2,0,-2,-5,-7.9,-11,-14,-17.9
9960,7.08,7,6,5,4,2,0,-2,-5,-7.92,-11,-14,-17.92
9970,7.06,7,6,5,4,2,0,-2,-5,-7.94,-11,-14,-17.94
9980,7.04,7,6,5,4,2,0,-2,-5,-7.96,-11,-14,-17.96
9990,7.02,7,6,5,4,2,0,-2,-5,-7.98,-11,-14,-17.98
10000,7,7,6,5,4,2,0,-2,-5,-8,-11,-14,-18
10010,6.98,6.98,6,5,3.98,2,0,-2,-5,-8,-11,-14.02,-18.02
10020,6.96,6.96,6,5,3.96,2,0,-2,-5,-8,-11,-14.04,-18.04
10030,6.94,6.94,6,5,3.94,2,0,-2,-5,-8,-11,-14.06,-18.06
10040,6.92,6.92,6,5,3.92,2,0,-2,-5,-8,-11,-14.08,-18.08
10050,6.9,6.9,6,5,3.9,2,0,-2,-5,-8,-11,-14.1,-18.1
10060,6.88,6.88,6,5,3.88,2,0,-2,-5,-8,-11,-14.12,-18.12
10070,6.86,6.86,6,5,3.86,2,0,-2,-5,-8,-11,-14.14,-18.14
10080,6.84,6.84,6,5,3.84,2,0,-2,-5,-8,-11,-14.16,-18.16
10090,6.82,6.82,6,5,3.82,2,0,-2,-5,-8,-11,-14.18,-18.18
10100,6.8,6.8,6,5,3.8,2,0,-2,-5,-8,-11,-14.2,-18.2
10110,6.78,6.78,6,5,3.78,2,0,-2,-5,-8,-11,-14.22,-18.22
10120,6.76,6.76,6,5,3.76,2,0,-2,-5,-8,-11,-14.24,-18.24
10130,6.74,6.74,6,5,3.74,2,0,-2,-5,-8,-11,-14.26,-18.26
10140,6.72,6.72,6,5,3.72,2,0,-2,-5,-8,-11,-14.28,-18.28
10150,6.7,6.7,6,5,3.7,2,0,-2,-5,-8,-11,-14.3,-18.3
10160,6.68,6.68,6,5,3.68,2,0,-2,-5,-8,-11,-14.32,-18.32
10170,6.66,6.66,6,5,3.66,2,0,-2,-5,-8,-11,-14.34,-18.34
10180,6.64,6.64,6,5,3.64,2,0,-2,-5,-8,-11,-14.36,-18.36
10190,6.62,6.62,6,5,3.62,2,0,-2,-5,-8,-11,-14.38,-18.38
10200,6.6,6.6,6,5,3.6,2,0,-2,-5,-8,-11,-14.4,-18.4
10210,6.58,6.58,6,5,3.58,2,0,-2,-5,-8,-11,-14.42,-18.42
10220,6.56,6.56,6,5,3.56,2,0,-2,-5,-8,-11,-14.44,-18.44
10230,6.54,6.54,6,5,3.54,2,0,-2,-5,-8,-11,-14.46,-18.46
10240,6.52,6.52,6,5,3.52,2,0,-2,-5,-8,-11,-14.48,-18.48
10250,6.5,6.5,6,5,3.5,2,0,-2,-5,-8,-11,-14.5,-18.5
10260,6.48,6.48,6,5,3.48,2,0,-2,-5,-8,-11,-14.52,-18.52
10270,6.46,6.46,6,5,3.46,2,0,-2,-5,-8,-11,-14.54,-18.54
10280,6.44,6.44,6,5,3.44,2,0,-2,-5,-8,-11,-14.56,-18.56
10290,6.42,6.42,6,5,3.42,2,0,-2,-5,-8,-11,-14.58,-18.58
10300,6.4,6.4,6,5,3.4,2,0,-2,-5,-8,-11,-14.6,-18.6
10310,6.38,6.38,6,5,3.38,2,0,-2,-5,-8,-11,-14.62,-18.62
10320,6.36,6.36,6,5,3.36,2,0,-2,-5,-8,-11,-14.64,-18.64
10330,6.34,6.34,6,5,3.34,2,0,-2,-5,-8,-11,-14.66,-18.66
10340,6.32,6.32,6,5,3.32,2,0,-2,-5,-8,-11,-14.68,-18.68
10350,6.3,6.3,6,5,3.3,2,0,-2,-5,-8,-11,-14.7,-18.7
10360,6.28,6.28,6,5,3.28,2,0,-2,-5,-8,-11,-14.72,-18.72
10370,6.26,6.26,6,5,3.26,2,0,-2,-5,-8,-11,-14.74,-18.74
10380,6.24,6.24,6,5,3.24,2,0,-2,-5,-8,-11,-14.76,-18.76
10390,6.22,6.22,6,5,3.22,2,0,-2,-5,-8,-11,-14.78,-18.78
10400,6.2,6.2,6,5,3.2,2,0,-2,-5,-8,-11,-14.8,-18.8
10410,6.18,6.18,6,5,3.18,2,0,-2,-5,-8,-11,-14.82,-18.82
10420,6.16,6.16,6,5,3.16,2,0,-2,-5,-8,-11,-14.84,-18.84
10430,6.14,6.14,6,5,3.14,2,0,-2,-5,-8,-11,-14.86,-18.86
10440,6.12,6.12,6,5,3.12,2,0,-2,-5,-8,-11,-14.88,-18.88
10450,6.1,6.1,6,5,3.1,2,0,-2,-5,-8,-11,-14.9,-18.9
10460,6.08,6.08,6,5,3.08,2,0,-2,-5,-8,-11,-14.92,-18.92
10470,6.06,6.06,6,5,3.06,2,0,-2,-5,-8,-11,-14.94,-18.94
10480,6.04,6.04,6,5,3.04,2,0,-2,-5,-8,-11,-14.96,-18.96
10490,6.02,6.02,6,5,3.02,2,0,-2,-5,-8,-11,-14.98,-18.98
10500,6,6,6,5,3,2,0,-2,-5,-8,-11,-15,-19
10510,6,6,5.98,5,3,2,0,-2,-5,-8,-11,-15,-19
10520,6,6,5.96,5,3,2,0,-2,-5,-8,-11,-15,-19
10530,6,6,5.94,5,3,2,0,-2,-5,-8,-11,-15,-19
10540,6,6,5.92,5,3,2,0,-2,-5,-8,-11,-15,-19
10550,6,6,5.9,5,3,2,0,-2,-5,-8,-11,-15,-19
10560,6,6,5.88,5,3,2,0,-2,-5,-8,-11,-15,-19
10570,6,6,5.86,5,3,2,0,-2,-5,-8,-11,-15,-19
10580,6,6,5.84,5,3,2,0,-2,-5,-8,-11,-15,-19
10590,6,6,5.82,5,3,2,0,-2,-5,-8,-11,-15,-19
10600,6,6,5.8,5,3,2,0,-2,-5,-8,-11,-15,-19
10610,6,6,5.78,5,3,2,0,-2,-5,-8,-11,-15,-19
10620,6,6,5.76,5,3,2,0,-2,-5,-8,-11,-15,-19
10630,6,6,5.74,5,3,2,0,-2,-5,-8,-11,-15,-19
10640,6,6,5.72,5,3,2,0,-2,-5,-8,-11,-15,-19
10650,6,6,5.7,5,3,2,0,-2,-5,-8,-11,-15,-19
10660,6,6,5.68,5,3,2,0,-2,-5,-8,-11,-15,-19
10670,6,6,5.66,5,3,2,0,-2,-5,-8,-11,-15,-19
10680,6,6,5.64,5,3,2,0,-2,-5,-8,-11,-15,-19
10690,6,6,5.62,5,3,2,0,-2,-5,-8,-11,-15,-19
10700,6,6,5.6,5,3,2,0,-2,-5,-8,-11,-15,-19
10710,6,6,5.58,5,3,2,0,-2,-5,-8,-11,-15,-19
10720,6,6,5.56,5,3,2,0,-2,-5,-8,-11,-15,-19
10730,6,6,5.54,5,3,2,0,-2,-5,-8,-11,-15,-19
10740,6,6,5.52,5,3,2,0,-2,-5,-8,-11,-15,-19
10750,6,6,5.5,5,3,2,0,-2,-5,-8,-11,-15,-19
10760,6,6,5.48,5,3,2,0,-2,-5,-8,-11,-15,-19
10770,6,6,5.46,5,3,2,0,-2,-5,-8,-11,-15,-19
10780,6,6,5.44,5,3,2,0,-2,-5,-8,-11,-15,-19
10790,6,6,5.42,5,3,2,0,-2,-5,-8,-11,-15,-19
10800,6,6,5.4,5,3,2,0,-2,-5,-8,-11,-15,-19
10810,6,6,5.38,5,3,2,0,-2,-5,-8,-11,-15,-19
10820,6,6,5.36,5,3,2,0,-2,-5,-8,-11,-15,-19
10830,6,6,5.34,5,3,2,0,-2,-5,-8,-11,-15,-19
10840,6,6,5.32,5,3,2,0,-2,-5,-8,-11,-15,-19
10850,6,6,5.3,5,3,2,0,-2,-5,-8,-11,-15,-19
10860,6,6,5.28,5,3,2,0,-2,-5,-8,-11,-15,-19
10870,6,6,5.26,5,3,2,0,-2,-5,-8,-11,-15,-19
10880,6,6,5.24,5,3,2,0,-2,-5,-8,-11,-15,-19
10890,6,6,5.22,5,3,2,0,-2,-5,-8,-11,-15,-19
10900,6,6,5.2,5,3,2,0,-2,-5,-8,-11,-15,-19
10910,6,6,5.18,5,3,2,0,-2,-5,-8,-11,-15,-19
10920,6,6,5.16,5,3,2,0,-2,-5,-8,-11,-15,-19
10930,6,6,5.14,5,3,2,0,-2,-5,-8,-11,-15,-19
10940,6,6,5.12,5,3,2,0,-2,-5,-8,-11,-15,-19
10950,6,6,5.1,5,3,2,0,-2,-5,-8,-11,-15,-19
10960,6,6,5.08,5,3,2,0,-2,-5,-8,-11,-15,-19
10970,6,6,5.06,5,3,2,0,-2,-5,-8,-11,-15,-19
10980,6,6,5.04,5,3,2,0,-2,-5,-8,-11,-15,-19
10990,6,6,5.02,5,3,2,0,-2,-5,-8,-11,-15,-19
11000,6,6,5,5,3,2,0,-2,-5,-8,-11,-15,-19
11010,6,6,5,5,3,2,0,-2,-5,-8,-11,-15,-19.1
11020,6,6,5,5,3,2,0,-2,-5,-8,-11,-15,-19.2
11030,6,6,5,5,3,2,0,-2,-5,-8,-11,-15,-19.3
11040,6,6,5,5,3,2,0,-2,-5,-8,-11,-15,-19.4
11050,6,6,5,5,3,2,0,-2,-5,-8,-11,-15,-19.5
11060,6,6,5,5,3,2,0,-2,-5,-8,-11,-15,-19.6
11070,6,6,5,5,3,2,0,-2,-5,-8,-11,-15,-19.7
11080,6,6,5,5,3,2,0,-2,-5,-8,-11,-15,-19.8
11090,6,6,5,5,3,2,0,-2,-5,-8,-11,-15,-19.9
11100,6,6,5,5,3,2,0,-2,-5,-8,-11,-15,-20
11110,5.9,5.9,5,4.9,3,2,0,-2,-5,-8,-11.1,-15,-20
11120,5.8,5.8,5,4.8,3,2,0,-2,-5,-8,-11.2,-15,-20
11130,5.7,5.7,5,4.7,3,2,0,-2,-5,-8,-11.3,-15,-20
11140,5.6,5.6,5,4.6,3,2,0,-2,-5,-8,-11.4,-15,-20
11150,5.5,5.5,5,4.5,3,2,0,-2,-5,-8,-11.5,-15,-20
11160,5.4,5.4,5,4.4,3,2,0,-2,-5,-8,-11.6,-15,-20
11170,5.3,5.3,5,4.3,3,2,0,-2,-5,-8,-11.7,-15,-20
11180,5.2,5.2,5,4.2,3,2,0,-2,-5,-8,-11.8,-15,-20
11190,5.1,5.1,5,4.1,3,2,0,-2,-5,-8,-11.9,-15,-20
11200,5,5,5,4,3,2,0,-2,-5,-8,-12,-15,-20
11210,5,5,5,4,3,2,0,-2,-5,-8,-12,-15.1,-20
11220,5,5,5,4,3,2,0,-2,-5,-8,-12,-15.2,-20
11230,5,5,5,4,3,2,0,-2,-5,-8,-12,-15.3,-20
11240,5,5,5,4,3,2,0,-2,-5,-8,-12,-15.4,-20
11250,5,5,5,4,3,2,0,-2,-5,-8,-12,-15.5,-20
11260,5,5,5,4,3,2,0,-2,-5,-8,-12,-15.6,-20
11270,5,5,5,4,3,2,0,-2,-5,-8,-12,-15.7,-20
11280,5,5,5,4,3,2,0,-2,-5,-8,-12,-15.8,-20
11290,5,5,5,4,3,2,0,-2,-5,-8,-12,-15.9,-20
11300,5,5,5,4,3,2,0,-2,-5,-8,-12,-16,-20
11310,5,5,5,4,3,2,0,-2,-5,-8,-12,-16,-20
11320,5,5,5,4,3,2,0,-2,-5,-8,-12,-16,-20
11330,5,5,5,4,3,2,0,-2,-5,-8,-12,-16,-20
11340,5,5,5,4,3,2,0,-2,-5,-8,-12,-16,-20
11350,5,5,5,4,3,2,0,-2,-5,-8,-12,-16,-20
11360,5,5,5,4,3,2,0,-2,-5,-8,-12,-16,-20
11370,5,5,5,4,3,2,0,-2,-5,-8,-12,-16,-20
11380,5,5,5,4,3,2,0,-2,-5,-8,-12,-16,-20
11390,5,5,5,4,3,2,0,-2,-5,-8,-12,-16,-20
11400,5,5,5,4,3,2,0,-2,-5,-8,-12,-16,-20
11410,5,5,5,4,3,2,0,-2,-5,-8,-12,-16,-20
11420,5,5,5,4,3,2,0,-2,-5,-8,-12,-16,-20
11430,5,5,5,4,3,2,0,-2,-5,-8,-12,-16,-20
11440,5,5,5,4,3,2,0,-2,-5,-8,-12,-16,-20
11450,5,5,5,4,3,2,0,-2,-5,-8,-12,-16,-20
11460,5,5,5,4,3,2,0,-2,-5,-8,-12,-16,-20
11470,5,5,5,4,3,2,0,-2,-5,-8,-12,-16,-20
11480,5,5,5,4,3,2,0,-2,-5,-8,-12,-16,-20
11490,5,5,5,4,3,2,0,-2,-5,-8,-12,-16,-20
11500,5,5,5,4,3,2,0,-2,-5,-8,-12,-16,-20
11510,5,5,5,4,3,2,0,-2,-5,-8,-12,-16,-20
11520,5,5,5,4,3,2,0,-2,-5,-8,-12,-16,-20
11530,5,5,5,4,3,2,0,-2,-5,-8,-12,-16,-20
11540,5,5,5,4,3,2,0,-2,-5,-8,-12,-16,-20
11550,5,5,5,4,3,2,0,-2,-5,-8,-12,-16,-20
11560,5,5,5,4,3,2,0,-2,-5,-8,-12,-16,-20
11570,5,5,5,4,3,2,0,-2,-5,-8,-12,-16,-20
11580,5,5,5,4,3,2,0,-2,-5,-8,-12,-16,-20
11590,5,5,5,4,3,2,0,-2,-5,-8,-12,-16,-20
11600,5,5,5,4,3,2,0,-2,-5,-8,-12,-16,-20
11610,5,5,5,4,3,2,0,-2,-5,-8,-12,-16,-20
11620,5,5,5,4,3,2,0,-2,-5,-8,-12,-16,-20
11630,5,5,5,4,3,2,0,-2,-5,-8,-12,-16,-20
11640,5,5,5,4,3,2,0,-2,-5,-8,-12,-16,-20
11650,5,5,5,4,3,2,0,-2,-5,-8,-12,-16,-20
11660,5,5,5,4,3,2,0,-2,-5,-8,-12,-16,-20
11670,5,5,5,4,3,2,0,-2,-5,-8,-12,-16,-20
11680,5,5,5,4,3,2,0,-2,-5,-8,-12,-16,-20
11690,5,5,5,4,3,2,0,-2,-5,-8,-12,-16,-20
11700,5,5,5,4,3,2,0,-2,-5,-8,-12,-16,-20
11710,5,5,5,4,3,2,0,-2,-5,-8,-12,-16,-20.1
11720,5,5,5,4,3,2,0,-2,-5,-8,-12,-16,-20.2
11730,5,5,5,4,3,2,0,-2,-5,-8,-12,-16,-20.3
11740,5,5,5,4,3,2,0,-2,-5,-8,-12,-16,-20.4
11750,5,5,5,4,3,2,0,-2,-5,-8,-12,-16,-20.5
11760,5,5,5,4,3,2,0,-2,-5,-8,-12,-16,-20.6
11770,5,5,5,4,3,2,0,-2,-5,-8,-12,-16,-20.7
11780,5,5,5,4,3,2,0,-2,-5,-8,-12,-16,-20.8
11790,5,5,5,4,3,2,0,-2,-5,-8,-12,-16,-20.9
11800,5,5,5,4,3,2,0,-2,-5,-8,-12,-16,-21
11810,4.9,5,5,4,3,2,0,-2,-5,-8,-12,-16,-21
11820,4.8,5,5,4,3,2,0,-2,-5,-8,-12,-16,-21
11830,4.7,5,5,4,3,2,0,-2,-5,-8,-12,-16,-21
11840,4.6,5,5,4,3,2,0,-2,-5,-8,-12,-16,-21
11850,4.5,5,5,4,3,2,0,-2,-5,-8,-12,-16,-21
11860,4.4,5,5,4,3,2,0,-2,-5,-8,-12,-16,-21
11870,4.3,5,5,4,3,2,0,-2,-5,-8,-12,-16,-21
11880,4.2,5,5,4,3,2,0,-2,-5,-8,-12,-16,-21
11890,4.1,5,5,4,3,2,0,-2,-5,-8,-12,-16,-21
11900,4,5,5,4,3,2,0,-2,-5,-8,-12,-16,-21
11910,4,5,5,4,3,2,0,-2,-5,-8,-12,-16,-21
11920,4,5,5,4,3,2,0,-2,-5,-8,-12,-16,-21
11930,4,5,5,4,3,2,0,-2,-5,-8,-12,-16,-21
11940,4,5,5,4,3,2,0,-2,-5,-8,-12,-16,-21
11950,4,5,5,4,3,2,0,-2,-5,-8,-12,-16,-21
11960,4,5,5,4,3,2,0,-2,-5,-8,-12,-16,-21
11970,4,5,5,4,3,2,0,-2,-5,-8,-12,-16,-21
11980,4,5,5,4,3,2,0,-2,-5,-8,-12,-16,-21
11990,4,5,5,4,3,2,0,-2,-5,-8,-12,-16,-21
12000,4,5,5,4,3,2,0,-2,-5,-8,-12,-16,-21
