level,press_-1.0,press_-0.5,press_0.0,press_0.5,press_1.0,press_1.5,press_2.0,press_2.5,press_3.0,press_3.5,press_4.0,press_5.0,press_6.0
0,-2,-1,0,1,2,3,4,5,6,7,8,10,12
10,-2,-1,0,1,2,3,4,5,6,7,8,10,12
20,-2,-1,0,1,2,3,4,5,6,7,8,10,12
30,-2,-1,0,1,2,3,4,5,6,7,8,10,12
40,-2,-1,0,1,2,3,4,5,6,7,8,10,12
50,-2,-1,0,1,2,3,4,5,6,7,8,10,12
60,-2,-1,0,1,2,3,4,5,6,7,8,10,12
70,-2,-1,0,1,2,3,4,5,6,7,8,10,12
80,-2,-1,0,1,2,3,4,5,6,7,8,10,12
90,-2,-1,0,1,2,3,4,5,6,7,8,10,12
100,-2,-1,0,1,2,3,4,5,6,7,8,10,12
110,-2,-1,0,1,2,3,4,5,6,7,8,10,12
120,-2,-1,0,1,2,3,4,5,6,7,8,10,12
130,-2,-1,0,1,2,3,4,5,6,7,8,10,12
140,-2,-1,0,1,2,3,4,5,6,7,8,10,12
150,-2,-1,0,1,2,3,4,5,6,7,8,10,12
160,-2,-1,0,1,2,3,4,5,6,7,8,10,12
170,-2,-1,0,1,2,3,4,5,6,7,8,10,12
180,-2,-1,0,1,2,3,4,5,6,7,8,10,12
190,-2,-1,0,1,2,3,4,5,6,7,8,10,12
200,-2,-1,0,1,2,3,4,5,6,7,8,10,12
210,-2,-1,0,1,2,3,4,5,6,7,8,10,12
220,-2,-1,0,1,2,3,4,5,6,7,8,10,12
230,-2,-1,0,1,2,3,4,5,6,7,8,10,12
240,-2,-1,0,1,2,3,4,5,6,7,8,10,12
250,-2,-1,0,1,2,3,4,5,6,7,8,10,12
260,-2,-1,0,1,2,3,4,5,6,7,8,10,12
270,-2,-1,0,1,2,3,4,5,6,7,8,10,12
280,-2,-1,0,1,2,3,4,5,6,7,8,10,12
290,-2,-1,0,1,2,3,4,5,6,7,8,10,12
300,-2,-1,0,1,2,3,4,5,6,7,8,10,12
310,-2,-1,0,1,2,3,4,5,6,7,8,10,12
320,-2,-1,0,1,2,3,4,5,6,7,8,10,12
330,-2,-1,0,1,2,3,4,5,6,7,8,10,12
340,-2,-1,0,1,2,3,4,5,6,7,8,10,12
350,-2,-1,0,1,2,3,4,5,6,7,8,10,12
360,-2,-1,0,1,2,3,4,5,6,7,8,10,12
370,-2,-1,0,1,2,3,4,5,6,7,8,10,12
380,-2,-1,0,1,2,3,4,5,6,7,8,10,12
390,-2,-1,0,1,2,3,4,5,6,7,8,10,12
400,-2,-1,0,1,2,3,4,5,6,7,8,10,12
410,-2,-1,0,1,2,3,4,5,6,7,8,10,12
420,-2,-1,0,1,2,3,4,5,6,7,8,10,12
430,-2,-1,0,1,2,3,4,5,6,7,8,10,12
440,-2,-1,0,1,2,3,4,5,6,7,8,10,12
450,-2,-1,0,1,2,3,4,5,6,7,8,10,12
460,-2,-1,0,1,2,3,4,5,6,7,8,10,12
470,-2,-1,0,1,2,3,4,5,6,7,8,10,12
480,-2,-1,0,1,2,3,4,5,6,7,8,10,12
490,-2,-1,0,1,2,3,4,5,6,7,8,10,12
500,-2,-1,0,1,2,3,4,5,6,7,8,10,12
510,-2,-1,0,1,2,3,4,5,6,7,8,10,12
520,-2,-1,0,1,2,3,4,5,6,7,8,10,12
530,-2,-1,0,1,2,3,4,5,6,7,8,10,12
540,-2,-1,0,1,2,3,4,5,6,7,8,10,12
550,-2,-1,0,1,2,3,4,5,6,7,8,10,12
560,-2,-1,0,1,2,3,4,5,6,7,8,10,12
570,-2,-1,0,1,2,3,4,5,6,7,8,10,12
580,-2,-1,0,1,2,3,4,5,6,7,8,10,12
590,-2,-1,0,1,2,3,4,5,6,7,8,10,12
600,-2,-1,0,1,2,3,4,5,6,7,8,10,12
610,-2,-1,0,1,2,3,4,5,6,7,8,10,12
620,-2,-1,0,1,2,3,4,5,6,7,8,10,12
630,-2,-1,0,1,2,3,4,5,6,7,8,10,12
640,-2,-1,0,1,2,3,4,5,6,7,8,10,12
650,-2,-1,0,1,2,3,4,5,6,7,8,10,12
660,-2,-1,0,1,2,3,4,5,6,7,8,10,12
670,-2,-1,0,1,2,3,4,5,6,7,8,10,12
680,-2,-1,0,1,2,3,4,5,6,7,8,10,12
690,-2,-1,0,1,2,3,4,5,6,7,8,10,12
700,-2,-1,0,1,2,3,4,5,6,7,8,10,12
710,-2,-1,0,1,2,3,4,5,6,7,8,10,12
720,-2,-1,0,1,2,3,4,5,6,7,8,10,12
730,-2,-1,0,1,2,3,4,5,6,7,8,10,12
740,-2,-1,0,1,2,3,4,5,6,7,8,10,12
750,-2,-1,0,1,2,3,4,5,6,7,8,10,12
760,-2,-1,0,1,2,3,4,5,6,7,8,10,12
770,-2,-1,0,1,2,3,4,5,6,7,8,10,12
780,-2,-1,0,1,2,3,4,5,6,7,8,10,12
790,-2,-1,0,1,2,3,4,5,6,7,8,10,12
800,-2,-1,0,1,2,3,4,5,6,7,8,10,12
810,-2,-1,0,1,2,3,4,5,6,7,8,10,12
820,-2,-1,0,1,2,3,4,5,6,7,8,10,12
830,-2,-1,0,1,2,3,4,5,6,7,8,10,12
840,-2,-1,0,1,2,3,4,5,6,7,8,10,12
850,-2,-1,0,1,2,3,4,5,6,7,8,10,12
860,-2,-1,0,1,2,3,4,5,6,7,8,10,12
870,-2,-1,0,1,2,3,4,5,6,7,8,10,12
880,-2,-1,0,1,2,3,4,5,6,7,8,10,12
890,-2,-1,0,1,2,3,4,5,6,7,8,10,12
900,-2,-1,0,1,2,3,4,5,6,7,8,10,12
910,-2,-1,0,1,2,3,4,5,6,7,8,10,12
920,-2,-1,0,1,2,3,4,5,6,7,8,10,12
930,-2,-1,0,1,2,3,4,5,6,7,8,10,12
940,-2,-1,0,1,2,3,4,5,6,7,8,10,12
950,-2,-1,0,1,2,3,4,5,6,7,8,10,12
960,-2,-1,0,1,2,3,4,5,6,7,8,10,12
970,-2,-1,0,1,2,3,4,5,6,7,8,10,12
980,-2,-1,0,1,2,3,4,5,6,7,8,10,12
990,-2,-1,0,1,2,3,4,5,6,7,8,10,12
1000,-2,-1,0,1,2,3,4,5,6,7,8,10,12
1010,-2,-1,0,1,2,3,4,5,6,6.98,7.98,9.98,11.98
1020,-2,-1,0,1,2,3,4,5,6,6.96,7.96,9.96,11.96
1030,-2,-1,0,1,2,3,4,5,6,6.94,7.94,9.94,11.94
1040,-2,-1,0,1,2,3,4,5,6,6.92,7.92,9.92,11.92
1050,-2,-1,0,1,2,3,4,5,6,6.9,7.9,9.9,11.9
1060,-2,-1,0,1,2,3,4,5,6,6.88,7.88,9.88,11.88
1070,-2,-1,0,1,2,3,4,5,6,6.86,7.86,9.86,11.86
1080,-2,-1,0,1,2,3,4,5,6,6.84,7.84,9.84,11.84
1090,-2,-1,0,1,2,3,4,5,6,6.82,7.82,9.82,11.82
1100,-2,-1,0,1,2,3,4,5,6,6.8,7.8,9.8,11.8
1110,-2,-1,0,1,2,3,4,5,6,6.78,7.78,9.78,11.78
1120,-2,-1,0,1,2,3,4,5,6,6.76,7.76,9.76,11.76
1130,-2,-1,0,1,2,3,4,5,6,6.74,7.74,9.74,11.74
1140,-2,-1,0,1,2,3,4,5,6,6.72,7.72,9.72,11.72
1150,-2,-1,0,1,2,3,4,5,6,6.7,7.7,9.7,11.7
1160,-2,-1,0,1,2,3,4,5,6,6.68,7.68,9.68,11.68
1170,-2,-1,0,1,2,3,4,5,6,6.66,7.66,9.66,11.66
1180,-2,-1,0,1,2,3,4,5,6,6.64,7.64,9.64,11.64
1190,-2,-1,0,1,2,3,4,5,6,6.62,7.62,9.62,11.62
1200,-2,-1,0,1,2,3,4,5,6,6.6,7.6,9.6,11.6
1210,-2,-1,0,1,2,3,4,5,6,6.58,7.58,9.58,11.58
1220,-2,-1,0,1,2,3,4,5,6,6.56,7.56,9.56,11.56
1230,-2,-1,0,1,2,3,4,5,6,6.54,7.54,9.54,11.54
1240,-2,-1,0,1,2,3,4,5,6,6.52,7.52,9.52,11.52
1250,-2,-1,0,1,2,3,4,5,6,6.5,7.5,9.5,11.5
1260,-2,-1,0,1,2,3,4,5,6,6.48,7.48,9.48,11.48
1270,-2,-1,0,1,2,3,4,5,6,6.46,7.46,9.46,11.46
1280,-2,-1,0,1,2,3,4,5,6,6.44,7.44,9.44,11.44
1290,-2,-1,0,1,2,3,4,5,6,6.42,7.42,9.42,11.42
1300,-2,-1,0,1,2,3,4,5,6,6.4,7.4,9.4,11.4
1310,-2,-1,0,1,2,3,4,5,6,6.38,7.38,9.38,11.38
1320,-2,-1,0,1,2,3,4,5,6,6.36,7.36,9.36,11.36
1330,-2,-1,0,1,2,3,4,5,6,6.34,7.34,9.34,11.34
1340,-2,-1,0,1,2,3,4,5,6,6.32,7.32,9.32,11.32
1350,-2,-1,0,1,2,3,4,5,6,6.3,7.3,9.3,11.3
1360,-2,-1,0,1,2,3,4,5,6,6.28,7.28,9.28,11.28
1370,-2,-1,0,1,2,3,4,5,6,6.26,7.26,9.26,11.26
1380,-2,-1,0,1,2,3,4,5,6,6.24,7.24,9.24,11.24
1390,-2,-1,0,1,2,3,4,5,6,6.22,7.22,9.22,11.22
1400,-2,-1,0,1,2,3,4,5,6,6.2,7.2,9.2,11.2
1410,-2,-1,0,1,2,3,4,5,6,6.18,7.18,9.18,11.18
1420,-2,-1,0,1,2,3,4,5,6,6.16,7.16,9.16,11.16
1430,-2,-1,0,1,2,3,4,5,6,6.14,7.14,9.14,11.14
1440,-2,-1,0,1,2,3,4,5,6,6.12,7.12,9.12,11.12
1450,-2,-1,0,1,2,3,4,5,6,6.1,7.1,9.1,11.1
1460,-2,-1,0,1,2,3,4,5,6,6.08,7.08,9.08,11.08
1470,-2,-1,0,1,2,3,4,5,6,6.06,7.06,9.06,11.06
1480,-2,-1,0,1,2,3,4,5,6,6.04,7.04,9.04,11.04
1490,-2,-1,0,1,2,3,4,5,6,6.02,7.02,9.02,11.02
1500,-2,-1,0,1,2,3,4,5,6,6,7,9,11
1510,-2,-1,0,1,2,3,4,4.98,5.98,6,7,9,11
1520,-2,-1,0,1,2,3,4,4.96,5.96,6,7,9,11
1530,-2,-1,0,1,2,3,4,4.94,5.94,6,7,9,11
1540,-2,-1,0,1,2,3,4,4.92,5.92,6,7,9,11
1550,-2,-1,0,1,2,3,4,4.9,5.9,6,7,9,11
1560,-2,-1,0,1,2,3,4,4.88,5.88,6,7,9,11
1570,-2,-1,0,1,2,3,4,4.86,5.86,6,7,9,11
1580,-2,-1,0,1,2,3,4,4.84,5.84,6,7,9,11
1590,-2,-1,0,1,2,3,4,4.82,5.82,6,7,9,11
1600,-2,-1,0,1,2,3,4,4.8,5.8,6,7,9,11
1610,-2,-1,0,1,2,3,4,4.78,5.78,6,7,9,11
1620,-2,-1,0,1,2,3,4,4.76,5.76,6,7,9,11
1630,-2,-1,0,1,2,3,4,4.74,5.74,6,7,9,11
1640,-2,-1,0,1,2,3,4,4.72,5.72,6,7,9,11
1650,-2,-1,0,1,2,3,4,4.7,5.7,6,7,9,11
1660,-2,-1,0,1,2,3,4,4.68,5.68,6,7,9,11
1670,-2,-1,0,1,2,3,4,4.66,5.66,6,7,9,11
1680,-2,-1,0,1,2,3,4,4.64,5.64,6,7,9,11
1690,-2,-1,0,1,2,3,4,4.62,5.62,6,7,9,11
1700,-2,-1,0,1,2,3,4,4.6,5.6,6,7,9,11
1710,-2,-1,0,1,2,3,4,4.58,5.58,6,7,9,11
1720,-2,-1,0,1,2,3,4,4.56,5.56,6,7,9,11
1730,-2,-1,0,1,2,3,4,4.54,5.54,6,7,9,11
1740,-2,-1,0,1,2,3,4,4.52,5.52,6,7,9,11
1750,-2,-1,0,1,2,3,4,4.5,5.5,6,7,9,11
1760,-2,-1,0,1,2,3,4,4.48,5.48,6,7,9,11
1770,-2,-1,0,1,2,3,4,4.46,5.46,6,7,9,11
1780,-2,-1,0,1,2,3,4,4.44,5.44,6,7,9,11
1790,-2,-1,0,1,2,3,4,4.42,5.42,6,7,9,11
1800,-2,-1,0,1,2,3,4,4.4,5.4,6,7,9,11
1810,-2,-1,0,1,2,3,4,4.38,5.38,6,7,9,11
1820,-2,-1,0,1,2,3,4,4.36,5.36,6,7,9,11
1830,-2,-1,0,1,2,3,4,4.34,5.34,6,7,9,11
1840,-2,-1,0,1,2,3,4,4.32,5.32,6,7,9,11
1850,-2,-1,0,1,2,3,4,4.3,5.3,6,7,9,11
1860,-2,-1,0,1,2,3,4,4.28,5.28,6,7,9,11
1870,-2,-1,0,1,2,3,4,4.26,5.26,6,7,9,11
1880,-2,-1,0,1,2,3,4,4.24,5.24,6,7,9,11
1890,-2,-1,0,1,2,3,4,4.22,5.22,6,7,9,11
1900,-2,-1,0,1,2,3,4,4.2,5.2,6,7,9,11
1910,-2,-1,0,1,2,3,4,4.18,5.18,6,7,9,11
1920,-2,-1,0,1,2,3,4,4.16,5.16,6,7,9,11
1930,-2,-1,0,1,2,3,4,4.14,5.14,6,7,9,11
1940,-2,-1,0,1,2,3,4,4.12,5.12,6,7,9,11
1950,-2,-1,0,1,2,3,4,4.1,5.1,6,7,9,11
1960,-2,-1,0,1,2,3,4,4.08,5.08,6,7,9,11
1970,-2,-1,0,1,2,3,4,4.06,5.06,6,7,9,11
1980,-2,-1,0,1,2,3,4,4.04,5.04,6,7,9,11
1990,-2,-1,0,1,2,3,4,4.02,5.02,6,7,9,11
2000,-2,-1,0,1,2,3,4,4,5,6,7,9,11
2010,-2,-1,0,1,2,3,3.98,4,5,6,7,8.98,10.98
2020,-2,-1,0,1,2,3,3.96,4,5,6,7,8.96,10.96
2030,-2,-1,0,1,2,3,3.94,4,5,6,7,8.94,10.94
2040,-2,-1,0,1,2,3,3.92,4,5,6,7,8.92,10.92
2050,-2,-1,0,1,2,3,3.9,4,5,6,7,8.9,10.9
2060,-2,-1,0,1,2,3,3.88,4,5,6,7,8.88,10.88
2070,-2,-1,0,1,2,3,3.86,4,5,6,7,8.86,10.86
2080,-2,-1,0,1,2,3,3.84,4,5,6,7,8.84,10.84
2090,-2,-1,0,1,2,3,3.82,4,5,6,7,8.82,10.82
2100,-2,-1,0,1,2,3,3.8,4,5,6,7,8.8,10.8
2110,-2,-1,0,1,2,3,3.78,4,5,6,7,8.78,10.78
2120,-2,-1,0,1,2,3,3.76,4,5,6,7,8.76,10.76
2130,-2,-1,0,1,2,3,3.74,4,5,6,7,8.74,10.74
2140,-2,-1,0,1,2,3,3.72,4,5,6,7,8.72,10.72
2150,-2,-1,0,1,2,3,3.7,4,5,6,7,8.7,10.7
2160,-2,-1,0,1,2,3,3.68,4,5,6,7,8.68,10.68
2170,-2,-1,0,1,2,3,3.66,4,5,6,7,8.66,10.66
2180,-2,-1,0,1,2,3,3.64,4,5,6,7,8.64,10.64
2190,-2,-1,0,1,2,3,3.62,4,5,6,7,8.62,10.62
2200,-2,-1,0,1,2,3,3.6,4,5,6,7,8.6,10.6
2210,-2,-1,0,1,2,3,3.58,4,5,6,7,8.58,10.58
2220,-2,-1,0,1,2,3,3.56,4,5,6,7,8.56,10.56
2230,-2,-1,0,1,2,3,3.54,4,5,6,7,8.54,10.54
2240,-2,-1,0,1,2,3,3.52,4,5,6,7,8.52,10.52
2250,-2,-1,0,1,2,3,3.5,4,5,6,7,8.5,10.5
2260,-2,-1,0,1,2,3,3.48,4,5,6,7,8.48,10.48
2270,-2,-1,0,1,2,3,3.46,4,5,6,7,8.46,10.46
2280,-2,-1,0,1,2,3,3.44,4,5,6,7,8.44,10.44
2290,-2,-1,0,1,2,3,3.42,4,5,6,7,8.42,10.42
2300,-2,-1,0,1,2,3,3.4,4,5,6,7,8.4,10.4
2310,-2,-1,0,1,2,3,3.38,4,5,6,7,8.38,10.38
2320,-2,-1,0,1,2,3,3.36,4,5,6,7,8.36,10.36
2330,-2,-1,0,1,2,3,3.34,4,5,6,7,8.34,10.34
2340,-2,-1,0,1,2,3,3.32,4,5,6,7,8.32,10.32
2350,-2,-1,0,1,2,3,3.3,4,5,6,7,8.3,10.3
2360,-2,-1,0,1,2,3,3.28,4,5,6,7,8.28,10.28
2370,-2,-1,0,1,2,3,3.26,4,5,6,7,8.26,10.26
2380,-2,-1,0,1,2,3,3.24,4,5,6,7,8.24,10.24
2390,-2,-1,0,1,2,3,3.22,4,5,6,7,8.22,10.22
2400,-2,-1,0,1,2,3,3.2,4,5,6,7,8.2,10.2
2410,-2,-1,0,1,2,3,3.18,4,5,6,7,8.18,10.18
2420,-2,-1,0,1,2,3,3.16,4,5,6,7,8.16,10.16
2430,-2,-1,0,1,2,3,3.14,4,5,6,7,8.14,10.14
2440,-2,-1,0,1,2,3,3.12,4,5,6,7,8.12,10.12
2450,-2,-1,0,1,2,3,3.1,4,5,6,7,8.1,10.1
2460,-2,-1,0,1,2,3,3.08,4,5,6,7,8.08,10.08
2470,-2,-1,0,1,2,3,3.06,4,5,6,7,8.06,10.06
2480,-2,-1,0,1,2,3,3.04,4,5,6,7,8.04,10.04
2490,-2,-1,0,1,2,3,3.02,4,5,6,7,8.02,10.02
2500,-2,-1,0,1,2,3,3,4,5,6,7,8,10
2510,-2,-1,0,1,2,2.98,3,4,5,6,6.98,8,10
2520,-2,-1,0,1,2,2.96,3,4,5,6,6.96,8,10
2530,-2,-1,0,1,2,2.94,3,4,5,6,6.94,8,10
2540,-2,-1,0,1,2,2.92,3,4,5,6,6.92,8,10
2550,-2,-1,0,1,2,2.9,3,4,5,6,6.9,8,10
2560,-2,-1,0,1,2,2.88,3,4,5,6,6.88,8,10
2570,-2,-1,0,1,2,2.86,3,4,5,6,6.86,8,10
2580,-2,-1,0,1,2,2.84,3,4,5,6,6.84,8,10
2590,-2,-1,0,1,2,2.82,3,4,5,6,6.82,8,10
2600,-2,-1,0,1,2,2.8,3,4,5,6,6.8,8,10
2610,-2,-1,0,1,2,2.78,3,4,5,6,6.78,8,10
2620,-2,-1,0,1,2,2.76,3,4,5,6,6.76,8,10
2630,-2,-1,0,1,2,2.74,3,4,5,6,6.74,8,10
2640,-2,-1,0,1,2,2.72,3,4,5,6,6.72,8,10
2650,-2,-1,0,1,2,2.7,3,4,5,6,6.7,8,10
2660,-2,-1,0,1,2,2.68,3,4,5,6,6.68,8,10
2670,-2,-1,0,1,2,2.66,3,4,5,6,6.66,8,10
2680,-2,-1,0,1,2,2.64,3,4,5,6,6.64,8,10
2690,-2,-1,0,1,2,2.62,3,4,5,6,6.62,8,10
2700,-2,-1,0,1,2,2.6,3,4,5,6,6.6,8,10
2710,-2,-1,0,1,2,2.58,3,4,5,6,6.58,8,10
2720,-2,-1,0,1,2,2.56,3,4,5,6,6.56,8,10
2730,-2,-1,0,1,2,2.54,3,4,5,6,6.54,8,10
2740,-2,-1,0,1,2,2.52,3,4,5,6,6.52,8,10
2750,-2,-1,0,1,2,2.5,3,4,5,6,6.5,8,10
2760,-2,-1,0,1,2,2.48,3,4,5,6,6.48,8,10
2770,-2,-1,0,1,2,2.46,3,4,5,6,6.46,8,10
2780,-2,-1,0,1,2,2.44,3,4,5,6,6.44,8,10
2790,-2,-1,0,1,2,2.42,3,4,5,6,6.42,8,10
2800,-2,-1,0,1,2,2.4,3,4,5,6,6.4,8,10
2810,-2,-1,0,1,2,2.38,3,4,5,6,6.38,8,10
2820,-2,-1,0,1,2,2.36,3,4,5,6,6.36,8,10
2830,-2,-1,0,1,2,2.34,3,4,5,6,6.34,8,10
2840,-2,-1,0,1,2,2.32,3,4,5,6,6.32,8,10
2850,-2,-1,0,1,2,2.3,3,4,5,6,6.3,8,10
2860,-2,-1,0,1,2,2.28,3,4,5,6,6.28,8,10
2870,-2,-1,0,1,2,2.26,3,4,5,6,6.26,8,10
2880,-2,-1,0,1,2,2.24,3,4,5,6,6.24,8,10
2890,-2,-1,0,1,2,2.22,3,4,5,6,6.22,8,10
2900,-2,-1,0,1,2,2.2,3,4,5,6,6.2,8,10
2910,-2,-1,0,1,2,2.18,3,4,5,6,6.18,8,10
2920,-2,-1,0,1,2,2.16,3,4,5,6,6.16,8,10
2930,-2,-1,0,1,2,2.14,3,4,5,6,6.14,8,10
2940,-2,-1,0,1,2,2.12,3,4,5,6,6.12,8,10
2950,-2,-1,0,1,2,2.1,3,4,5,6,6.1,8,10
2960,-2,-1,0,1,2,2.08,3,4,5,6,6.08,8,10
2970,-2,-1,0,1,2,2.06,3,4,5,6,6.06,8,10
2980,-2,-1,0,1,2,2.04,3,4,5,6,6.04,8,10
2990,-2,-1,0,1,2,2.02,3,4,5,6,6.02,8,10
3000,-2,-1,0,1,2,2,3,4,5,6,6,8,10
3010,-2,-1,0,1,2,2,3,4,5,5.98,6,8,9.98
3020,-2,-1,0,1,2,2,3,4,5,5.96,6,8,9.96
3030,-2,-1,0,1,2,2,3,4,5,5.94,6,8,9.94
3040,-2,-1,0,1,2,2,3,4,5,5.92,6,8,9.92
3050,-2,-1,0,1,2,2,3,4,5,5.9,6,8,9.9
3060,-2,-1,0,1,2,2,3,4,5,5.88,6,8,9.88
3070,-2,-1,0,1,2,2,3,4,5,5.86,6,8,9.86
3080,-2,-1,0,1,2,2,3,4,5,5.84,6,8,9.84
3090,-2,-1,0,1,2,2,3,4,5,5.82,6,8,9.82
3100,-2,-1,0,1,2,2,3,4,5,5.8,6,8,9.8
3110,-2,-1,0,1,2,2,3,4,5,5.78,6,8,9.78
3120,-2,-1,0,1,2,2,3,4,5,5.76,6,8,9.76
3130,-2,-1,0,1,2,2,3,4,5,5.74,6,8,9.74
3140,-2,-1,0,1,2,2,3,4,5,5.72,6,8,9.72
3150,-2,-1,0,1,2,2,3,4,5,5.7,6,8,9.7
3160,-2,-1,0,1,2,2,3,4,5,5.68,6,8,9.68
3170,-2,-1,0,1,2,2,3,4,5,5.66,6,8,9.66
3180,-2,-1,0,1,2,2,3,4,5,5.64,6,8,9.64
3190,-2,-1,0,1,2,2,3,4,5,5.62,6,8,9.62
3200,-2,-1,0,1,2,2,3,4,5,5.6,6,8,9.6
3210,-2,-1,0,1,2,2,3,4,5,5.58,6,8,9.58
3220,-2,-1,0,1,2,2,3,4,5,5.56,6,8,9.56
3230,-2,-1,0,1,2,2,3,4,5,5.54,6,8,9.54
3240,-2,-1,0,1,2,2,3,4,5,5.52,6,8,9.52
3250,-2,-1,0,1,2,2,3,4,5,5.5,6,8,9.5
3260,-2,-1,0,1,2,2,3,4,5,5.48,6,8,9.48
3270,-2,-1,0,1,2,2,3,4,5,5.46,6,8,9.46
3280,-2,-1,0,1,2,2,3,4,5,5.44,6,8,9.44
3290,-2,-1,0,1,2,2,3,4,5,5.42,6,8,9.42
3300,-2,-1,0,1,2,2,3,4,5,5.4,6,8,9.4
3310,-2,-1,0,1,2,2,3,4,5,5.38,6,8,9.38
3320,-2,-1,0,1,2,2,3,4,5,5.36,6,8,9.36
3330,-2,-1,0,1,2,2,3,4,5,5.34,6,8,9.34
3340,-2,-1,0,1,2,2,3,4,5,5.32,6,8,9.32
3350,-2,-1,0,1,2,2,3,4,5,5.3,6,8,9.3
3360,-2,-1,0,1,2,2,3,4,5,5.28,6,8,9.28
3370,-2,-1,0,1,2,2,3,4,5,5.26,6,8,9.26
3380,-2,-1,0,1,2,2,3,4,5,5.24,6,8,9.24
3390,-2,-1,0,1,2,2,3,4,5,5.22,6,8,9.22
3400,-2,-1,0,1,2,2,3,4,5,5.2,6,8,9.2
3410,-2,-1,0,1,2,2,3,4,5,5.18,6,8,9.18
3420,-2,-1,0,1,2,2,3,4,5,5.16,6,8,9.16
3430,-2,-1,0,1,2,2,3,4,5,5.14,6,8,9.14
3440,-2,-1,0,1,2,2,3,4,5,5.12,6,8,9.12
3450,-2,-1,0,1,2,2,3,4,5,5.1,6,8,9.1
3460,-2,-1,0,1,2,2,3,4,5,5.08,6,8,9.08
3470,-2,-1,0,1,2,2,3,4,5,5.06,6,8,9.06
3480,-2,-1,0,1,2,2,3,4,5,5.04,6,8,9.04
3490,-2,-1,0,1,2,2,3,4,5,5.02,6,8,9.02
3500,-2,-1,0,1,2,2,3,4,5,5,6,8,9
3510,-1.98,-1,0,1,1.98,2,3,4,4.98,5,6,7.98,9
3520,-1.96,-1,0,1,1.96,2,3,4,4.96,5,6,7.96,9
3530,-1.94,-1,0,1,1.94,2,3,4,4.94,5,6,7.94,9
3540,-1.92,-1,0,1,1.92,2,3,4,4.92,5,6,7.92,9
3550,-1.9,-1,0,1,1.9,2,3,4,4.9,5,6,7.9,9
3560,-1.88,-1,0,1,1.88,2,3,4,4.88,5,6,7.88,9
3570,-1.86,-1,0,1,1.86,2,3,4,4.86,5,6,7.86,9
3580,-1.84,-1,0,1,1.84,2,3,4,4.84,5,6,7.84,9
3590,-1.82,-1,0,1,1.82,2,3,4,4.82,5,6,7.82,9
3600,-1.8,-1,0,1,1.8,2,3,4,4.8,5,6,7.8,9
3610,-1.78,-1,0,1,1.78,2,3,4,4.78,5,6,7.78,9
3620,-1.76,-1,0,1,1.76,2,3,4,4.76,5,6,7.76,9
3630,-1.74,-1,0,1,1.74,2,3,4,4.74,5,6,7.74,9
3640,-1.72,-1,0,1,1.72,2,3,4,4.72,5,6,7.72,9
3650,-1.7,-1,0,1,1.7,2,3,4,4.7,5,6,7.7,9
3660,-1.68,-1,0,1,1.68,2,3,4,4.68,5,6,7.68,9
3670,-1.66,-1,0,1,1.66,2,3,4,4.66,5,6,7.66,9
3680,-1.64,-1,0,1,1.64,2,3,4,4.64,5,6,7.64,9
3690,-1.62,-1,0,1,1.62,2,3,4,4.62,5,6,7.62,9
3700,-1.6,-1,0,1,1.6,2,3,4,4.6,5,6,7.6,9
3710,-1.58,-1,0,1,1.58,2,3,4,4.58,5,6,7.58,9
3720,-1.56,-1,0,1,1.56,2,3,4,4.56,5,6,7.56,9
3730,-1.54,-1,0,1,1.54,2,3,4,4.54,5,6,7.54,9
3740,-1.52,-1,0,1,1.52,2,3,4,4.52,5,6,7.52,9
3750,-1.5,-1,0,1,1.5,2,3,4,4.5,5,6,7.5,9
3760,-1.48,-1,0,1,1.48,2,3,4,4.48,5,6,7.48,9
3770,-1.46,-1,0,1,1.46,2,3,4,4.46,5,6,7.46,9
3780,-1.44,-1,0,1,1.44,2,3,4,4.44,5,6,7.44,9
3790,-1.42,-1,0,1,1.42,2,3,4,4.42,5,6,7.42,9
3800,-1.4,-1,0,1,1.4,2,3,4,4.4,5,6,7.4,9
3810,-1.38,-1,0,1,1.38,2,3,4,4.38,5,6,7.38,9
3820,-1.36,-1,0,1,1.36,2,3,4,4.36,5,6,7.36,9
3830,-1.34,-1,0,1,1.34,2,3,4,4.34,5,6,7.34,9
3840,-1.32,-1,0,1,1.32,2,3,4,4.32,5,6,7.32,9
3850,-1.3,-1,0,1,1.3,2,3,4,4.3,5,6,7.3,9
3860,-1.28,-1,0,1,1.28,2,3,4,4.28,5,6,7.28,9
3870,-1.26,-1,0,1,1.26,2,3,4,4.26,5,6,7.26,9
3880,-1.24,-1,0,1,1.24,2,3,4,4.24,5,6,7.24,9
3890,-1.22,-1,0,1,1.22,2,3,4,4.22,5,6,7.22,9
3900,-1.2,-1,0,1,1.2,2,3,4,4.2,5,6,7.2,9
3910,-1.18,-1,0,1,1.18,2,3,4,4.18,5,6,7.18,9
3920,-1.16,-1,0,1,1.16,2,3,4,4.16,5,6,7.16,9
3930,-1.14,-1,0,1,1.14,2,3,4,4.14,5,6,7.14,9
3940,-1.12,-1,0,1,1.12,2,3,4,4.12,5,6,7.12,9
3950,-1.1,-1,0,1,1.1,2,3,4,4.1,5,6,7.1,9
3960,-1.08,-1,0,1,1.08,2,3,4,4.08,5,6,7.08,9
3970,-1.06,-1,0,1,1.06,2,3,4,4.06,5,6,7.06,9
3980,-1.04,-1,0,1,1.04,2,3,4,4.04,5,6,7.04,9
3990,-1.02,-1,0,1,1.02,2,3,4,4.02,5,6,7.02,9
4000,-1,-1,0,1,1,2,3,4,4,5,6,7,9
4010,-1,-1,0,1,1,2,3,3.98,4,5,6,7,8.98
4020,-1,-1,0,1,1,2,3,3.96,4,5,6,7,8.96
4030,-1,-1,0,1,1,2,3,3.94,4,5,6,7,8.94
4040,-1,-1,0,1,1,2,3,3.92,4,5,6,7,8.92
4050,-1,-1,0,1,1,2,3,3.9,4,5,6,7,8.9
4060,-1,-1,0,1,1,2,3,3.88,4,5,6,7,8.88
4070,-1,-1,0,1,1,2,3,3.86,4,5,6,7,8.86
4080,-1,-1,0,1,1,2,3,3.84,4,5,6,7,8.84
4090,-1,-1,0,1,1,2,3,3.82,4,5,6,7,8.82
4100,-1,-1,0,1,1,2,3,3.8,4,5,6,7,8.8
4110,-1,-1,0,1,1,2,3,3.78,4,5,6,7,8.78
4120,-1,-1,0,1,1,2,3,3.76,4,5,6,7,8.76
4130,-1,-1,0,1,1,2,3,3.74,4,5,6,7,8.74
4140,-1,-1,0,1,1,2,3,3.72,4,5,6,7,8.72
4150,-1,-1,0,1,1,2,3,3.7,4,5,6,7,8.7
4160,-1,-1,0,1,1,2,3,3.68,4,5,6,7,8.68
4170,-1,-1,0,1,1,2,3,3.66,4,5,6,7,8.66
4180,-1,-1,0,1,1,2,3,3.64,4,5,6,7,8.64
4190,-1,-1,0,1,1,2,3,3.62,4,5,6,7,8.62
4200,-1,-1,0,1,1,2,3,3.6,4,5,6,7,8.6
4210,-1,-1,0,1,1,2,3,3.58,4,5,6,7,8.58
4220,-1,-1,0,1,1,2,3,3.56,4,5,6,7,8.56
4230,-1,-1,0,1,1,2,3,3.54,4,5,6,7,8.54
4240,-1,-1,0,1,1,2,3,3.52,4,5,6,7,8.52
4250,-1,-1,0,1,1,2,3,3.5,4,5,6,7,8.5
4260,-1,-1,0,1,1,2,3,3.48,4,5,6,7,8.48
4270,-1,-1,0,1,1,2,3,3.46,4,5,6,7,8.46
4280,-1,-1,0,1,1,2,3,3.44,4,5,6,7,8.44
4290,-1,-1,0,1,1,2,3,3.42,4,5,6,7,8.42
4300,-1,-1,0,1,1,2,3,3.4,4,5,6,7,8.4
4310,-1,-1,0,1,1,2,3,3.38,4,5,6,7,8.38
4320,-1,-1,0,1,1,2,3,3.36,4,5,6,7,8.36
4330,-1,-1,0,1,1,2,3,3.34,4,5,6,7,8.34
4340,-1,-1,0,1,1,2,3,3.32,4,5,6,7,8.32
4350,-1,-1,0,1,1,2,3,3.3,4,5,6,7,8.3
4360,-1,-1,0,1,1,2,3,3.28,4,5,6,7,8.28
4370,-1,-1,0,1,1,2,3,3.26,4,5,6,7,8.26
4380,-1,-1,0,1,1,2,3,3.24,4,5,6,7,8.24
4390,-1,-1,0,1,1,2,3,3.22,4,5,6,7,8.22
4400,-1,-1,0,1,1,2,3,3.2,4,5,6,7,8.2
4410,-1,-1,0,1,1,2,3,3.18,4,5,6,7,8.18
4420,-1,-1,0,1,1,2,3,3.16,4,5,6,7,8.16
4430,-1,-1,0,1,1,2,3,3.14,4,5,6,7,8.14
4440,-1,-1,0,1,1,2,3,3.12,4,5,6,7,8.12
4450,-1,-1,0,1,1,2,3,3.1,4,5,6,7,8.1
4460,-1,-1,0,1,1,2,3,3.08,4,5,6,7,8.08
4470,-1,-1,0,1,1,2,3,3.06,4,5,6,7,8.06
4480,-1,-1,0,1,1,2,3,3.04,4,5,6,7,8.04
4490,-1,-1,0,1,1,2,3,3.02,4,5,6,7,8.02
4500,-1,-1,0,1,1,2,3,3,4,5,6,7,8
4510,-1,-1,0,1,1,2,3,3,4,5,5.98,6.98,8
4520,-1,-1,0,1,1,2,3,3,4,5,5.96,6.96,8
4530,-1,-1,0,1,1,2,3,3,4,5,5.94,6.94,8
4540,-1,-1,0,1,1,2,3,3,4,5,5.92,6.92,8
4550,-1,-1,0,1,1,2,3,3,4,5,5.9,6.9,8
4560,-1,-1,0,1,1,2,3,3,4,5,5.88,6.88,8
4570,-1,-1,0,1,1,2,3,3,4,5,5.86,6.86,8
4580,-1,-1,0,1,1,2,3,3,4,5,5.84,6.84,8
4590,-1,-1,0,1,1,2,3,3,4,5,5.82,6.82,8
4600,-1,-1,0,1,1,2,3,3,4,5,5.8,6.8,8
4610,-1,-1,0,1,1,2,3,3,4,5,5.78,6.78,8
4620,-1,-1,0,1,1,2,3,3,4,5,5.76,6.76,8
4630,-1,-1,0,1,1,2,3,3,4,5,5.74,6.74,8
4640,-1,-1,0,1,1,2,3,3,4,5,5.72,6.72,8
4650,-1,-1,0,1,1,2,3,3,4,5,5.7,6.7,8
4660,-1,-1,0,1,1,2,3,3,4,5,5.68,6.68,8
4670,-1,-1,0,1,1,2,3,3,4,5,5.66,6.66,8
4680,-1,-1,0,1,1,2,3,3,4,5,5.64,6.64,8
4690,-1,-1,0,1,1,2,3,3,4,5,5.62,6.62,8
4700,-1,-1,0,1,1,2,3,3,4,5,5.6,6.6,8
4710,-1,-1,0,1,1,2,3,3,4,5,5.58,6.58,8
4720,-1,-1,0,1,1,2,3,3,4,5,5.56,6.56,8
4730,-1,-1,0,1,1,2,3,3,4,5,5.54,6.54,8
4740,-1,-1,0,1,1,2,3,3,4,5,5.52,6.52,8
4750,-1,-1,0,1,1,2,3,3,4,5,5.5,6.5,8
4760,-1,-1,0,1,1,2,3,3,4,5,5.48,6.48,8
4770,-1,-1,0,1,1,2,3,3,4,5,5.46,6.46,8
4780,-1,-1,0,1,1,2,3,3,4,5,5.44,6.44,8
4790,-1,-1,0,1,1,2,3,3,4,5,5.42,6.42,8
4800,-1,-1,0,1,1,2,3,3,4,5,5.4,6.4,8
4810,-1,-1,0,1,1,2,3,3,4,5,5.38,6.38,8
4820,-1,-1,0,1,1,2,3,3,4,5,5.36,6.36,8
4830,-1,-1,0,1,1,2,3,3,4,5,5.34,6.34,8
4840,-1,-1,0,1,1,2,3,3,4,5,5.32,6.32,8
4850,-1,-1,0,1,1,2,3,3,4,5,5.3,6.3,8
4860,-1,-1,0,1,1,2,3,3,4,5,5.28,6.28,8
4870,-1,-1,0,1,1,2,3,3,4,5,5.26,6.26,8
4880,-1,-1,0,1,1,2,3,3,4,5,5.24,6.24,8
4890,-1,-1,0,1,1,2,3,3,4,5,5.22,6.22,8
4900,-1,-1,0,1,1,2,3,3,4,5,5.2,6.2,8
4910,-1,-1,0,1,1,2,3,3,4,5,5.18,6.18,8
4920,-1,-1,0,1,1,2,3,3,4,5,5.16,6.16,8
4930,-1,-1,0,1,1,2,3,3,4,5,5.14,6.14,8
4940,-1,-1,0,1,1,2,3,3,4,5,5.12,6.12,8
4950,-1,-1,0,1,1,2,3,3,4,5,5.1,6.1,8
4960,-1,-1,0,1,1,2,3,3,4,5,5.08,6.08,8
4970,-1,-1,0,1,1,2,3,3,4,5,5.06,6.06,8
4980,-1,-1,0,1,1,2,3,3,4,5,5.04,6.04,8
4990,-1,-1,0,1,1,2,3,3,4,5,5.02,6.02,8
5000,-1,-1,0,1,1,2,3,3,4,5,5,6,8
5010,-1,-1,0,1,1,2,2.98,3,4,4.98,5,6,7.98
5020,-1,-1,0,1,1,2,2.96,3,4,4.96,5,6,7.96
5030,-1,-1,0,1,1,2,2.94,3,4,4.94,5,6,7.94
5040,-1,-1,0,1,1,2,2.92,3,4,4.92,5,6,7.92
5050,-1,-1,0,1,1,2,2.9,3,4,4.9,5,6,7.9
5060,-1,-1,0,1,1,2,2.88,3,4,4.88,5,6,7.88
5070,-1,-1,0,1,1,2,2.86,3,4,4.86,5,6,7.86
5080,-1,-1,0,1,1,2,2.84,3,4,4.84,5,6,7.84
5090,-1,-1,0,1,1,2,2.82,3,4,4.82,5,6,7.82
5100,-1,-1,0,1,1,2,2.8,3,4,4.8,5,6,7.8
5110,-1,-1,0,1,1,2,2.78,3,4,4.78,5,6,7.78
5120,-1,-1,0,1,1,2,2.76,3,4,4.76,5,6,7.76
5130,-1,-1,0,1,1,2,2.74,3,4,4.74,5,6,7.74
5140,-1,-1,0,1,1,2,2.72,3,4,4.72,5,6,7.72
5150,-1,-1,0,1,1,2,2.7,3,4,4.7,5,6,7.7
5160,-1,-1,0,1,1,2,2.68,3,4,4.68,5,6,7.68
5170,-1,-1,0,1,1,2,2.66,3,4,4.66,5,6,7.66
5180,-1,-1,0,1,1,2,2.64,3,4,4.64,5,6,7.64
5190,-1,-1,0,1,1,2,2.62,3,4,4.62,5,6,7.62
5200,-1,-1,0,1,1,2,2.6,3,4,4.6,5,6,7.6
5210,-1,-1,0,1,1,2,2.58,3,4,4.58,5,6,7.58
5220,-1,-1,0,1,1,2,2.56,3,4,4.56,5,6,7.56
5230,-1,-1,0,1,1,2,2.54,3,4,4.54,5,6,7.54
5240,-1,-1,0,1,1,2,2.52,3,4,4.52,5,6,7.52
5250,-1,-1,0,1,1,2,2.5,3,4,4.5,5,6,7.5
5260,-1,-1,0,1,1,2,2.48,3,4,4.48,5,6,7.48
5270,-1,-1,0,1,1,2,2.46,3,4,4.46,5,6,7.46
5280,-1,-1,0,1,1,2,2.44,3,4,4.44,5,6,7.44
5290,-1,-1,0,1,1,2,2.42,3,4,4.42,5,6,7.42
5300,-1,-1,0,1,1,2,2.4,3,4,4.4,5,6,7.4
5310,-1,-1,0,1,1,2,2.38,3,4,4.38,5,6,7.38
5320,-1,-1,0,1,1,2,2.36,3,4,4.36,5,6,7.36
5330,-1,-1,0,1,1,2,2.34,3,4,4.34,5,6,7.34
5340,-1,-1,0,1,1,2,2.32,3,4,4.32,5,6,7.32
5350,-1,-1,0,1,1,2,2.3,3,4,4.3,5,6,7.3
5360,-1,-1,0,1,1,2,2.28,3,4,4.28,5,6,7.28
5370,-1,-1,0,1,1,2,2.26,3,4,4.26,5,6,7.26
5380,-1,-1,0,1,1,2,2.24,3,4,4.24,5,6,7.24
5390,-1,-1,0,1,1,2,2.22,3,4,4.22,5,6,7.22
5400,-1,-1,0,1,1,2,2.2,3,4,4.2,5,6,7.2
5410,-1,-1,0,1,1,2,2.18,3,4,4.18,5,6,7.18
5420,-1,-1,0,1,1,2,2.16,3,4,4.16,5,6,7.16
5430,-1,-1,0,1,1,2,2.14,3,4,4.14,5,6,7.14
5440,-1,-1,0,1,1,2,2.12,3,4,4.12,5,6,7.12
5450,-1,-1,0,1,1,2,2.1,3,4,4.1,5,6,7.1
5460,-1,-1,0,1,1,2,2.08,3,4,4.08,5,6,7.08
5470,-1,-1,0,1,1,2,2.06,3,4,4.06,5,6,7.06
5480,-1,-1,0,1,1,2,2.04,3,4,4.04,5,6,7.04
5490,-1,-1,0,1,1,2,2.02,3,4,4.02,5,6,7.02
5500,-1,-1,0,1,1,2,2,3,4,4,5,6,7
5510,-1,-1,0,1,1,2,2,3,3.98,4,5,6,7
5520,-1,-1,0,1,1,2,2,3,3.96,4,5,6,7
5530,-1,-1,0,1,1,2,2,3,3.94,4,5,6,7
5540,-1,-1,0,1,1,2,2,3,3.92,4,5,6,7
5550,-1,-1,0,1,1,2,2,3,3.9,4,5,6,7
5560,-1,-1,0,1,1,2,2,3,3.88,4,5,6,7
5570,-1,-1,0,1,1,2,2,3,3.86,4,5,6,7
5580,-1,-1,0,1,1,2,2,3,3.84,4,5,6,7
5590,-1,-1,0,1,1,2,2,3,3.82,4,5,6,7
5600,-1,-1,0,1,1,2,2,3,3.8,4,5,6,7
5610,-1,-1,0,1,1,2,2,3,3.78,4,5,6,7
5620,-1,-1,0,1,1,2,2,3,3.76,4,5,6,7
5630,-1,-1,0,1,1,2,2,3,3.74,4,5,6,7
5640,-1,-1,0,1,1,2,2,3,3.72,4,5,6,7
5650,-1,-1,0,1,1,2,2,3,3.7,4,5,6,7
5660,-1,-1,0,1,1,2,2,3,3.68,4,5,6,7
5670,-1,-1,0,1,1,2,2,3,3.66,4,5,6,7
5680,-1,-1,0,1,1,2,2,3,3.64,4,5,6,7
5690,-1,-1,0,1,1,2,2,3,3.62,4,5,6,7
5700,-1,-1,0,1,1,2,2,3,3.6,4,5,6,7
5710,-1,-1,0,1,1,2,2,3,3.58,4,5,6,7
5720,-1,-1,0,1,1,2,2,3,3.56,4,5,6,7
5730,-1,-1,0,1,1,2,2,3,3.54,4,5,6,7
5740,-1,-1,0,1,1,2,2,3,3.52,4,5,6,7
5750,-1,-1,0,1,1,2,2,3,3.5,4,5,6,7
5760,-1,-1,0,1,1,2,2,3,3.48,4,5,6,7
5770,-1,-1,0,1,1,2,2,3,3.46,4,5,6,7
5780,-1,-1,0,1,1,2,2,3,3.44,4,5,6,7
5790,-1,-1,0,1,1,2,2,3,3.42,4,5,6,7
5800,-1,-1,0,1,1,2,2,3,3.4,4,5,6,7
5810,-1,-1,0,1,1,2,2,3,3.38,4,5,6,7
5820,-1,-1,0,1,1,2,2,3,3.36,4,5,6,7
5830,-1,-1,0,1,1,2,2,3,3.34,4,5,6,7
5840,-1,-1,0,1,1,2,2,3,3.32,4,5,6,7
5850,-1,-1,0,1,1,2,2,3,3.3,4,5,6,7
5860,-1,-1,0,1,1,2,2,3,3.28,4,5,6,7
5870,-1,-1,0,1,1,2,2,3,3.26,4,5,6,7
5880,-1,-1,0,1,1,2,2,3,3.24,4,5,6,7
5890,-1,-1,0,1,1,2,2,3,3.22,4,5,6,7
5900,-1,-1,0,1,1,2,2,3,3.2,4,5,6,7
5910,-1,-1,0,1,1,2,2,3,3.18,4,5,6,7
5920,-1,-1,0,1,1,2,2,3,3.16,4,5,6,7
5930,-1,-1,0,1,1,2,2,3,3.14,4,5,6,7
5940,-1,-1,0,1,1,2,2,3,3.12,4,5,6,7
5950,-1,-1,0,1,1,2,2,3,3.1,4,5,6,7
5960,-1,-1,0,1,1,2,2,3,3.08,4,5,6,7
5970,-1,-1,0,1,1,2,2,3,3.06,4,5,6,7
5980,-1,-1,0,1,1,2,2,3,3.04,4,5,6,7
5990,-1,-1,0,1,1,2,2,3,3.02,4,5,6,7
6000,-1,-1,0,1,1,2,2,3,3,4,5,6,7
6010,-1,-1,0,1,1,2,2,3,3,4,4.98,5.98,6.98
6020,-1,-1,0,1,1,2,2,3,3,4,4.96,5.96,6.96
6030,-1,-1,0,1,1,2,2,3,3,4,4.94,5.94,6.94
6040,-1,-1,0,1,1,2,2,3,3,4,4.92,5.92,6.92
6050,-1,-1,0,1,1,2,2,3,3,4,4.9,5.9,6.9
6060,-1,-1,0,1,1,2,2,3,3,4,4.88,5.88,6.88
6070,-1,-1,0,1,1,2,2,3,3,4,4.86,5.86,6.86
6080,-1,-1,0,1,1,2,2,3,3,4,4.84,5.84,6.84
6090,-1,-1,0,1,1,2,2,3,3,4,4.82,5.82,6.82
6100,-1,-1,0,1,1,2,2,3,3,4,4.8,5.8,6.8
6110,-1,-1,0,1,1,2,2,3,3,4,4.78,5.78,6.78
6120,-1,-1,0,1,1,2,2,3,3,4,4.76,5.76,6.76
6130,-1,-1,0,1,1,2,2,3,3,4,4.74,5.74,6.74
6140,-1,-1,0,1,1,2,2,3,3,4,4.72,5.72,6.72
6150,-1,-1,0,1,1,2,2,3,3,4,4.7,5.7,6.7
6160,-1,-1,0,1,1,2,2,3,3,4,4.68,5.68,6.68
6170,-1,-1,0,1,1,2,2,3,3,4,4.66,5.66,6.66
6180,-1,-1,0,1,1,2,2,3,3,4,4.64,5.64,6.64
6190,-1,-1,0,1,1,2,2,3,3,4,4.62,5.62,6.62
6200,-1,-1,0,1,1,2,2,3,3,4,4.6,5.6,6.6
6210,-1,-1,0,1,1,2,2,3,3,4,4.58,5.58,6.58
6220,-1,-1,0,1,1,2,2,3,3,4,4.56,5.56,6.56
6230,-1,-1,0,1,1,2,2,3,3,4,4.54,5.54,6.54
6240,-1,-1,0,1,1,2,2,3,3,4,4.52,5.52,6.52
6250,-1,-1,0,1,1,2,2,3,3,4,4.5,5.5,6.5
6260,-1,-1,0,1,1,2,2,3,3,4,4.48,5.48,6.48
6270,-1,-1,0,1,1,2,2,3,3,4,4.46,5.46,6.46
6280,-1,-1,0,1,1,2,2,3,3,4,4.44,5.44,6.44
6290,-1,-1,0,1,1,2,2,3,3,4,4.42,5.42,6.42
6300,-1,-1,0,1,1,2,2,3,3,4,4.4,5.4,6.4
6310,-1,-1,0,1,1,2,2,3,3,4,4.38,5.38,6.38
6320,-1,-1,0,1,1,2,2,3,3,4,4.36,5.36,6.36
6330,-1,-1,0,1,1,2,2,3,3,4,4.34,5.34,6.34
6340,-1,-1,0,1,1,2,2,3,3,4,4.32,5.32,6.32
6350,-1,-1,0,1,1,2,2,3,3,4,4.3,5.3,6.3
6360,-1,-1,0,1,1,2,2,3,3,4,4.28,5.28,6.28
6370,-1,-1,0,1,1,2,2,3,3,4,4.26,5.26,6.26
6380,-1,-1,0,1,1,2,2,3,3,4,4.24,5.24,6.24
6390,-1,-1,0,1,1,2,2,3,3,4,4.22,5.22,6.22
6400,-1,-1,0,1,1,2,2,3,3,4,4.2,5.2,6.2
6410,-1,-1,0,1,1,2,2,3,3,4,4.18,5.18,6.18
6420,-1,-1,0,1,1,2,2,3,3,4,4.16,5.16,6.16
6430,-1,-1,0,1,1,2,2,3,3,4,4.14,5.14,6.14
6440,-1,-1,0,1,1,2,2,3,3,4,4.12,5.12,6.12
6450,-1,-1,0,1,1,2,2,3,3,4,4.1,5.1,6.1
6460,-1,-1,0,1,1,2,2,3,3,4,4.08,5.08,6.08
6470,-1,-1,0,1,1,2,2,3,3,4,4.06,5.06,6.06
6480,-1,-1,0,1,1,2,2,3,3,4,4.04,5.04,6.04
6490,-1,-1,0,1,1,2,2,3,3,4,4.02,5.02,6.02
6500,-1,-1,0,1,1,2,2,3,3,4,4,5,6
6510,-1,-0.98,0,0.98,1,1.98,2,2.98,3,3.98,4,5,6
6520,-1,-0.96,0,0.96,1,1.96,2,2.96,3,3.96,4,5,6
6530,-1,-0.94,0,0.94,1,1.94,2,2.94,3,3.94,4,5,6
6540,-1,-0.92,0,0.92,1,1.92,2,2.92,3,3.92,4,5,6
6550,-1,-0.9,0,0.9,1,1.9,2,2.9,3,3.9,4,5,6
6560,-1,-0.88,0,0.88,1,1.88,2,2.88,3,3.88,4,5,6
6570,-1,-0.86,0,0.86,1,1.86,2,2.86,3,3.86,4,5,6
6580,-1,-0.84,0,0.84,1,1.84,2,2.84,3,3.84,4,5,6
6590,-1,-0.82,0,0.82,1,1.82,2,2.82,3,3.82,4,5,6
6600,-1,-0.8,0,0.8,1,1.8,2,2.8,3,3.8,4,5,6
6610,-1,-0.78,0,0.78,1,1.78,2,2.78,3,3.78,4,5,6
6620,-1,-0.76,0,0.76,1,1.76,2,2.76,3,3.76,4,5,6
6630,-1,-0.74,0,0.74,1,1.74,2,2.74,3,3.74,4,5,6
6640,-1,-0.72,0,0.72,1,1.72,2,2.72,3,3.72,4,5,6
6650,-1,-0.7,0,0.7,1,1.7,2,2.7,3,3.7,4,5,6
6660,-1,-0.68,0,0.68,1,1.68,2,2.68,3,3.68,4,5,6
6670,-1,-0.66,0,0.66,1,1.66,2,2.66,3,3.66,4,5,6
6680,-1,-0.64,0,0.64,1,1.64,2,2.64,3,3.64,4,5,6
6690,-1,-0.62,0,0.62,1,1.62,2,2.62,3,3.62,4,5,6
6700,-1,-0.6,0,0.6,1,1.6,2,2.6,3,3.6,4,5,6
6710,-1,-0.58,0,0.58,1,1.58,2,2.58,3,3.58,4,5,6
6720,-1,-0.56,0,0.56,1,1.56,2,2.56,3,3.56,4,5,6
6730,-1,-0.54,0,0.54,1,1.54,2,2.54,3,3.54,4,5,6
6740,-1,-0.52,0,0.52,1,1.52,2,2.52,3,3.52,4,5,6
6750,-1,-0.5,0,0.5,1,1.5,2,2.5,3,3.5,4,5,6
6760,-1,-0.48,0,0.48,1,1.48,2,2.48,3,3.48,4,5,6
6770,-1,-0.46,0,0.46,1,1.46,2,2.46,3,3.46,4,5,6
6780,-1,-0.44,0,0.44,1,1.44,2,2.44,3,3.44,4,5,6
6790,-1,-0.42,0,0.42,1,1.42,2,2.42,3,3.42,4,5,6
6800,-1,-0.4,0,0.4,1,1.4,2,2.4,3,3.4,4,5,6
6810,-1,-0.38,0,0.38,1,1.38,2,2.38,3,3.38,4,5,6
6820,-1,-0.36,0,0.36,1,1.36,2,2.36,3,3.36,4,5,6
6830,-1,-0.34,0,0.34,1,1.34,2,2.34,3,3.34,4,5,6
6840,-1,-0.32,0,0.32,1,1.32,2,2.32,3,3.32,4,5,6
6850,-1,-0.3,0,0.3,1,1.3,2,2.3,3,3.3,4,5,6
6860,-1,-0.28,0,0.28,1,1.28,2,2.28,3,3.28,4,5,6
6870,-1,-0.26,0,0.26,1,1.26,2,2.26,3,3.26,4,5,6
6880,-1,-0.24,0,0.24,1,1.24,2,2.24,3,3.24,4,5,6
6890,-1,-0.22,0,0.22,1,1.22,2,2.22,3,3.22,4,5,6
6900,-1,-0.2,0,0.2,1,1.2,2,2.2,3,3.2,4,5,6
6910,-1,-0.18,0,0.18,1,1.18,2,2.18,3,3.18,4,5,6
6920,-1,-0.16,0,0.16,1,1.16,2,2.16,3,3.16,4,5,6
6930,-1,-0.14,0,0.14,1,1.14,2,2.14,3,3.14,4,5,6
6940,-1,-0.12,0,0.12,1,1.12,2,2.12,3,3.12,4,5,6
6950,-1,-0.1,0,0.1,1,1.1,2,2.1,3,3.1,4,5,6
6960,-1,-0.08,0,0.08,1,1.08,2,2.08,3,3.08,4,5,6
6970,-1,-0.06,0,0.06,1,1.06,2,2.06,3,3.06,4,5,6
6980,-1,-0.04,0,0.04,1,1.04,2,2.04,3,3.04,4,5,6
6990,-1,-0.02,0,0.02,1,1.02,2,2.02,3,3.02,4,5,6
7000,-1,0,0,0,1,1,2,2,3,3,4,5,6
7010,-1,0,0,0,1,1,2,2,3,3,4,5,5.98
7020,-1,0,0,0,1,1,2,2,3,3,4,5,5.96
7030,-1,0,0,0,1,1,2,2,3,3,4,5,5.94
7040,-1,0,0,0,1,1,2,2,3,3,4,5,5.92
7050,-1,0,0,0,1,1,2,2,3,3,4,5,5.9
7060,-1,0,0,0,1,1,2,2,3,3,4,5,5.88
7070,-1,0,0,0,1,1,2,2,3,3,4,5,5.86
7080,-1,0,0,0,1,1,2,2,3,3,4,5,5.84
7090,-1,0,0,0,1,1,2,2,3,3,4,5,5.82
7100,-1,0,0,0,1,1,2,2,3,3,4,5,5.8
7110,-1,0,0,0,1,1,2,2,3,3,4,5,5.78
7120,-1,0,0,0,1,1,2,2,3,3,4,5,5.76
7130,-1,0,0,0,1,1,2,2,3,3,4,5,5.74
7140,-1,0,0,0,1,1,2,2,3,3,4,5,5.72
7150,-1,0,0,0,1,1,2,2,3,3,4,5,5.7
7160,-1,0,0,0,1,1,2,2,3,3,4,5,5.68
7170,-1,0,0,0,1,1,2,2,3,3,4,5,5.66
7180,-1,0,0,0,1,1,2,2,3,3,4,5,5.64
7190,-1,0,0,0,1,1,2,2,3,3,4,5,5.62
7200,-1,0,0,0,1,1,2,2,3,3,4,5,5.6
7210,-1,0,0,0,1,1,2,2,3,3,4,5,5.58
7220,-1,0,0,0,1,1,2,2,3,3,4,5,5.56
7230,-1,0,0,0,1,1,2,2,3,3,4,5,5.54
7240,-1,0,0,0,1,1,2,2,3,3,4,5,5.52
7250,-1,0,0,0,1,1,2,2,3,3,4,5,5.5
7260,-1,0,0,0,1,1,2,2,3,3,4,5,5.48
7270,-1,0,0,0,1,1,2,2,3,3,4,5,5.46
7280,-1,0,0,0,1,1,2,2,3,3,4,5,5.44
7290,-1,0,0,0,1,1,2,2,3,3,4,5,5.42
7300,-1,0,0,0,1,1,2,2,3,3,4,5,5.4
7310,-1,0,0,0,1,1,2,2,3,3,4,5,5.38
7320,-1,0,0,0,1,1,2,2,3,3,4,5,5.36
7330,-1,0,0,0,1,1,2,2,3,3,4,5,5.34
7340,-1,0,0,0,1,1,2,2,3,3,4,5,5.32
7350,-1,0,0,0,1,1,2,2,3,3,4,5,5.3
7360,-1,0,0,0,1,1,2,2,3,3,4,5,5.28
7370,-1,0,0,0,1,1,2,2,3,3,4,5,5.26
7380,-1,0,0,0,1,1,2,2,3,3,4,5,5.24
7390,-1,0,0,0,1,1,2,2,3,3,4,5,5.22
7400,-1,0,0,0,1,1,2,2,3,3,4,5,5.2
7410,-1,0,0,0,1,1,2,2,3,3,4,5,5.18
7420,-1,0,0,0,1,1,2,2,3,3,4,5,5.16
7430,-1,0,0,0,1,1,2,2,3,3,4,5,5.14
7440,-1,0,0,0,1,1,2,2,3,3,4,5,5.12
7450,-1,0,0,0,1,1,2,2,3,3,4,5,5.1
7460,-1,0,0,0,1,1,2,2,3,3,4,5,5.08
7470,-1,0,0,0,1,1,2,2,3,3,4,5,5.06
7480,-1,0,0,0,1,1,2,2,3,3,4,5,5.04
7490,-1,0,0,0,1,1,2,2,3,3,4,5,5.02
7500,-1,0,0,0,1,1,2,2,3,3,4,5,5
7510,-1,0,0,0,1,1,2,2,2.98,3,3.98,4.98,5
7520,-1,0,0,0,1,1,2,2,2.96,3,3.96,4.96,5
7530,-1,0,0,0,1,1,2,2,2.94,3,3.94,4.94,5
7540,-1,0,0,0,1,1,2,2,2.92,3,3.92,4.92,5
7550,-1,0,0,0,1,1,2,2,2.9,3,3.9,4.9,5
7560,-1,0,0,0,1,1,2,2,2.88,3,3.88,4.88,5
7570,-1,0,0,0,1,1,2,2,2.86,3,3.86,4.86,5
7580,-1,0,0,0,1,1,2,2,2.84,3,3.84,4.84,5
7590,-1,0,0,0,1,1,2,2,2.82,3,3.82,4.82,5
7600,-1,0,0,0,1,1,2,2,2.8,3,3.8,4.8,5
7610,-1,0,0,0,1,1,2,2,2.78,3,3.78,4.78,5
7620,-1,0,0,0,1,1,2,2,2.76,3,3.76,4.76,5
7630,-1,0,0,0,1,1,2,2,2.74,3,3.74,4.74,5
7640,-1,0,0,0,1,1,2,2,2.72,3,3.72,4.72,5
7650,-1,0,0,0,1,1,2,2,2.7,3,3.7,4.7,5
7660,-1,0,0,0,1,1,2,2,2.68,3,3.68,4.68,5
7670,-1,0,0,0,1,1,2,2,2.66,3,3.66,4.66,5
7680,-1,0,0,0,1,1,2,2,2.64,3,3.64,4.64,5
7690,-1,0,0,0,1,1,2,2,2.62,3,3.62,4.62,5
7700,-1,0,0,0,1,1,2,2,2.6,3,3.6,4.6,5
7710,-1,0,0,0,1,1,2,2,2.58,3,3.58,4.58,5
7720,-1,0,0,0,1,1,2,2,2.56,3,3.56,4.56,5
7730,-1,0,0,0,1,1,2,2,2.54,3,3.54,4.54,5
7740,-1,0,0,0,1,1,2,2,2.52,3,3.52,4.52,5
7750,-1,0,0,0,1,1,2,2,2.5,3,3.5,4.5,5
7760,-1,0,0,0,1,1,2,2,2.48,3,3.48,4.48,5
7770,-1,0,0,0,1,1,2,2,2.46,3,3.46,4.46,5
7780,-1,0,0,0,1,1,2,2,2.44,3,3.44,4.44,5
7790,-1,0,0,0,1,1,2,2,2.42,3,3.42,4.42,5
7800,-1,0,0,0,1,1,2,2,2.4,3,3.4,4.4,5
7810,-1,0,0,0,1,1,2,2,2.38,3,3.38,4.38,5
7820,-1,0,0,0,1,1,2,2,2.36,3,3.36,4.36,5
7830,-1,0,0,0,1,1,2,2,2.34,3,3.34,4.34,5
7840,-1,0,0,0,1,1,2,2,2.32,3,3.32,4.32,5
7850,-1,0,0,0,1,1,2,2,2.3,3,3.3,4.3,5
7860,-1,0,0,0,1,1,2,2,2.28,3,3.28,4.28,5
7870,-1,0,0,0,1,1,2,2,2.26,3,3.26,4.26,5
7880,-1,0,0,0,1,1,2,2,2.24,3,3.24,4.24,5
7890,-1,0,0,0,1,1,2,2,2.22,3,3.22,4.22,5
7900,-1,0,0,0,1,1,2,2,2.2,3,3.2,4.2,5
7910,-1,0,0,0,1,1,2,2,2.18,3,3.18,4.18,5
7920,-1,0,0,0,1,1,2,2,2.16,3,3.16,4.16,5
7930,-1,0,0,0,1,1,2,2,2.14,3,3.14,4.14,5
7940,-1,0,0,0,1,1,2,2,2.12,3,3.12,4.12,5
7950,-1,0,0,0,1,1,2,2,2.1,3,3.1,4.1,5
7960,-1,0,0,0,1,1,2,2,2.08,3,3.08,4.08,5
7970,-1,0,0,0,1,1,2,2,2.06,3,3.06,4.06,5
7980,-1,0,0,0,1,1,2,2,2.04,3,3.04,4.04,5
7990,-1,0,0,0,1,1,2,2,2.02,3,3.02,4.02,5
8000,-1,0,0,0,1,1,2,2,2,3,3,4,5
8010,-1,0,0,0,1,1,2,2,2,3,3,4,5
8020,-1,0,0,0,1,1,2,2,2,3,3,4,5
8030,-1,0,0,0,1,1,2,2,2,3,3,4,5
8040,-1,0,0,0,1,1,2,2,2,3,3,4,5
8050,-1,0,0,0,1,1,2,2,2,3,3,4,5
8060,-1,0,0,0,1,1,2,2,2,3,3,4,5
8070,-1,0,0,0,1,1,2,2,2,3,3,4,5
8080,-1,0,0,0,1,1,2,2,2,3,3,4,5
8090,-1,0,0,0,1,1,2,2,2,3,3,4,5
8100,-1,0,0,0,1,1,2,2,2,3,3,4,5
8110,-1,0,0,0,1,1,2,2,2,3,3,4,5
8120,-1,0,0,0,1,1,2,2,2,3,3,4,5
8130,-1,0,0,0,1,1,2,2,2,3,3,4,5
8140,-1,0,0,0,1,1,2,2,2,3,3,4,5
8150,-1,0,0,0,1,1,2,2,2,3,3,4,5
8160,-1,0,0,0,1,1,2,2,2,3,3,4,5
8170,-1,0,0,0,1,1,2,2,2,3,3,4,5
8180,-1,0,0,0,1,1,2,2,2,3,3,4,5
8190,-1,0,0,0,1,1,2,2,2,3,3,4,5
8200,-1,0,0,0,1,1,2,2,2,3,3,4,5
8210,-1,0,0,0,1,1,2,2,2,3,3,4,5
8220,-1,0,0,0,1,1,2,2,2,3,3,4,5
8230,-1,0,0,0,1,1,2,2,2,3,3,4,5
8240,-1,0,0,0,1,1,2,2,2,3,3,4,5
8250,-1,0,0,0,1,1,2,2,2,3,3,4,5
8260,-1,0,0,0,1,1,2,2,2,3,3,4,5
8270,-1,0,0,0,1,1,2,2,2,3,3,4,5
8280,-1,0,0,0,1,1,2,2,2,3,3,4,5
8290,-1,0,0,0,1,1,2,2,2,3,3,4,5
8300,-1,0,0,0,1,1,2,2,2,3,3,4,5
8310,-1,0,0,0,1,1,2,2,2,3,3,4,5
8320,-1,0,0,0,1,1,2,2,2,3,3,4,5
8330,-1,0,0,0,1,1,2,2,2,3,3,4,5
8340,-1,0,0,0,1,1,2,2,2,3,3,4,5
8350,-1,0,0,0,1,1,2,2,2,3,3,4,5
8360,-1,0,0,0,1,1,2,2,2,3,3,4,5
8370,-1,0,0,0,1,1,2,2,2,3,3,4,5
8380,-1,0,0,0,1,1,2,2,2,3,3,4,5
8390,-1,0,0,0,1,1,2,2,2,3,3,4,5
8400,-1,0,0,0,1,1,2,2,2,3,3,4,5
8410,-1,0,0,0,1,1,2,2,2,3,3,4,5
8420,-1,0,0,0,1,1,2,2,2,3,3,4,5
8430,-1,0,0,0,1,1,2,2,2,3,3,4,5
8440,-1,0,0,0,1,1,2,2,2,3,3,4,5
8450,-1,0,0,0,1,1,2,2,2,3,3,4,5
8460,-1,0,0,0,1,1,2,2,2,3,3,4,5
8470,-1,0,0,0,1,1,2,2,2,3,3,4,5
8480,-1,0,0,0,1,1,2,2,2,3,3,4,5
8490,-1,0,0,0,1,1,2,2,2,3,3,4,5
8500,-1,0,0,0,1,1,2,2,2,3,3,4,5
8510,-1,0,0,0,1,1,1.98,2,2,2.98,3,3.98,4.98
8520,-1,0,0,0,1,1,1.96,2,2,2.96,3,3.96,4.96
8530,-1,0,0,0,1,1,1.94,2,2,2.94,3,3.94,4.94
8540,-1,0,0,0,1,1,1.92,2,2,2.92,3,3.92,4.92
8550,-1,0,0,0,1,1,1.9,2,2,2.9,3,3.9,4.9
8560,-1,0,0,0,1,1,1.88,2,2,2.88,3,3.88,4.88
8570,-1,0,0,0,1,1,1.86,2,2,2.86,3,3.86,4.86
8580,-1,0,0,0,1,1,1.84,2,2,2.84,3,3.84,4.84
8590,-1,0,0,0,1,1,1.82,2,2,2.82,3,3.82,4.82
8600,-1,0,0,0,1,1,1.8,2,2,2.8,3,3.8,4.8
8610,-1,0,0,0,1,1,1.78,2,2,2.78,3,3.78,4.78
8620,-1,0,0,0,1,1,1.76,2,2,2.76,3,3.76,4.76
8630,-1,0,0,0,1,1,1.74,2,2,2.74,3,3.74,4.74
8640,-1,0,0,0,1,1,1.72,2,2,2.72,3,3.72,4.72
8650,-1,0,0,0,1,1,1.7,2,2,2.7,3,3.7,4.7
8660,-1,0,0,0,1,1,1.68,2,2,2.68,3,3.68,4.68
8670,-1,0,0,0,1,1,1.66,2,2,2.66,3,3.66,4.66
8680,-1,0,0,0,1,1,1.64,2,2,2.64,3,3.64,4.64
8690,-1,0,0,0,1,1,1.62,2,2,2.62,3,3.62,4.62
8700,-1,0,0,0,1,1,1.6,2,2,2.6,3,3.6,4.6
8710,-1,0,0,0,1,1,1.58,2,2,2.58,3,3.58,4.58
8720,-1,0,0,0,1,1,1.56,2,2,2.56,3,3.56,4.56
8730,-1,0,0,0,1,1,1.54,2,2,2.54,3,3.54,4.54
8740,-1,0,0,0,1,1,1.52,2,2,2.52,3,3.52,4.52
8750,-1,0,0,0,1,1,1.5,2,2,2.5,3,3.5,4.5
8760,-1,0,0,0,1,1,1.48,2,2,2.48,3,3.48,4.48
8770,-1,0,0,0,1,1,1.46,2,2,2.46,3,3.46,4.46
8780,-1,0,0,0,1,1,1.44,2,2,2.44,3,3.44,4.44
8790,-1,0,0,0,1,1,1.42,2,2,2.42,3,3.42,4.42
8800,-1,0,0,0,1,1,1.4,2,2,2.4,3,3.4,4.4
8810,-1,0,0,0,1,1,1.38,2,2,2.38,3,3.38,4.38
8820,-1,0,0,0,1,1,1.36,2,2,2.36,3,3.36,4.36
8830,-1,0,0,0,1,1,1.34,2,2,2.34,3,3.34,4.34
8840,-1,0,0,0,1,1,1.32,2,2,2.32,3,3.32,4.32
8850,-1,0,0,0,1,1,1.3,2,2,2.3,3,3.3,4.3
8860,-1,0,0,0,1,1,1.28,2,2,2.28,3,3.28,4.28
8870,-1,0,0,0,1,1,1.26,2,2,2.26,3,3.26,4.26
8880,-1,0,0,0,1,1,1.24,2,2,2.24,3,3.24,4.24
8890,-1,0,0,0,1,1,1.22,2,2,2.22,3,3.22,4.22
8900,-1,0,0,0,1,1,1.2,2,2,2.2,3,3.2,4.2
8910,-1,0,0,0,1,1,1.18,2,2,2.18,3,3.18,4.18
8920,-1,0,0,0,1,1,1.16,2,2,2.16,3,3.16,4.16
8930,-1,0,0,0,1,1,1.14,2,2,2.14,3,3.14,4.14
8940,-1,0,0,0,1,1,1.12,2,2,2.12,3,3.12,4.12
8950,-1,0,0,0,1,1,1.1,2,2,2.1,3,3.1,4.1
8960,-1,0,0,0,1,1,1.08,2,2,2.08,3,3.08,4.08
8970,-1,0,0,0,1,1,1.06,2,2,2.06,3,3.06,4.06
8980,-1,0,0,0,1,1,1.04,2,2,2.04,3,3.04,4.04
8990,-1,0,0,0,1,1,1.02,2,2,2.02,3,3.02,4.02
9000,-1,0,0,0,1,1,1,2,2,2,3,3,4
9010,-1,0,0,0,1,1,1,1.98,2,2,2.98,3,4
9020,-1,0,0,0,1,1,1,1.96,2,2,2.96,3,4
9030,-1,0,0,0,1,1,1,1.94,2,2,2.94,3,4
9040,-1,0,0,0,1,1,1,1.92,2,2,2.92,3,4
9050,-1,0,0,0,1,1,1,1.9,2,2,2.9,3,4
9060,-1,0,0,0,1,1,1,1.88,2,2,2.88,3,4
9070,-1,0,0,0,1,1,1,1.86,2,2,2.86,3,4
9080,-1,0,0,0,1,1,1,1.84,2,2,2.84,3,4
9090,-1,0,0,0,1,1,1,1.82,2,2,2.82,3,4
9100,-1,0,0,0,1,1,1,1.8,2,2,2.8,3,4
9110,-1,0,0,0,1,1,1,1.78,2,2,2.78,3,4
9120,-1,0,0,0,1,1,1,1.76,2,2,2.76,3,4
9130,-1,0,0,0,1,1,1,1.74,2,2,2.74,3,4
9140,-1,0,0,0,1,1,1,1.72,2,2,2.72,3,4
9150,-1,0,0,0,1,1,1,1.7,2,2,2.7,3,4
9160,-1,0,0,0,1,1,1,1.68,2,2,2.68,3,4
9170,-1,0,0,0,1,1,1,1.66,2,2,2.66,3,4
9180,-1,0,0,0,1,1,1,1.64,2,2,2.64,3,4
9190,-1,0,0,0,1,1,1,1.62,2,2,2.62,3,4
9200,-1,0,0,0,1,1,1,1.6,2,2,2.6,3,4
9210,-1,0,0,0,1,1,1,1.58,2,2,2.58,3,4
9220,-1,0,0,0,1,1,1,1.56,2,2,2.56,3,4
9230,-1,0,0,0,1,1,1,1.54,2,2,2.54,3,4
9240,-1,0,0,0,1,1,1,1.52,2,2,2.52,3,4
9250,-1,0,0,0,1,1,1,1.5,2,2,2.5,3,4
9260,-1,0,0,0,1,1,1,1.48,2,2,2.48,3,4
9270,-1,0,0,0,1,1,1,1.46,2,2,2.46,3,4
9280,-1,0,0,0,1,1,1,1.44,2,2,2.44,3,4
9290,-1,0,0,0,1,1,1,1.42,2,2,2.42,3,4
9300,-1,0,0,0,1,1,1,1.4,2,2,2.4,3,4
9310,-1,0,0,0,1,1,1,1.38,2,2,2.38,3,4
9320,-1,0,0,0,1,1,1,1.36,2,2,2.36,3,4
9330,-1,0,0,0,1,1,1,1.34,2,2,2.34,3,4
9340,-1,0,0,0,1,1,1,1.32,2,2,2.32,3,4
9350,-1,0,0,0,1,1,1,1.3,2,2,2.3,3,4
9360,-1,0,0,0,1,1,1,1.28,2,2,2.28,3,4
9370,-1,0,0,0,1,1,1,1.26,2,2,2.26,3,4
9380,-1,0,0,0,1,1,1,1.24,2,2,2.24,3,4
9390,-1,0,0,0,1,1,1,1.22,2,2,2.22,3,4
9400,-1,0,0,0,1,1,1,1.2,2,2,2.2,3,4
9410,-1,0,0,0,1,1,1,1.18,2,2,2.18,3,4
9420,-1,0,0,0,1,1,1,1.16,2,2,2.16,3,4
9430,-1,0,0,0,1,1,1,1.14,2,2,2.14,3,4
9440,-1,0,0,0,1,1,1,1.12,2,2,2.12,3,4
9450,-1,0,0,0,1,1,1,1.1,2,2,2.1,3,4
9460,-1,0,0,0,1,1,1,1.08,2,2,2.08,3,4
9470,-1,0,0,0,1,1,1,1.06,2,2,2.06,3,4
9480,-1,0,0,0,1,1,1,1.04,2,2,2.04,3,4
9490,-1,0,0,0,1,1,1,1.02,2,2,2.02,3,4
9500,-1,0,0,0,1,1,1,1,2,2,2,3,4
9510,-1,0,0,0,1,1,1,1,2,2,2,3,3.98
9520,-1,0,0,0,1,1,1,1,2,2,2,3,3.96
9530,-1,0,0,0,1,1,1,1,2,2,2,3,3.94
9540,-1,0,0,0,1,1,1,1,2,2,2,3,3.92
9550,-1,0,0,0,1,1,1,1,2,2,2,3,3.9
9560,-1,0,0,0,1,1,1,1,2,2,2,3,3.88
9570,-1,0,0,0,1,1,1,1,2,2,2,3,3.86
9580,-1,0,0,0,1,1,1,1,2,2,2,3,3.84
9590,-1,0,0,0,1,1,1,1,2,2,2,3,3.82
9600,-1,0,0,0,1,1,1,1,2,2,2,3,3.8
9610,-1,0,0,0,1,1,1,1,2,2,2,3,3.78
9620,-1,0,0,0,1,1,1,1,2,2,2,3,3.76
9630,-1,0,0,0,1,1,1,1,2,2,2,3,3.74
9640,-1,0,0,0,1,1,1,1,2,2,2,3,3.72
9650,-1,0,0,0,1,1,1,1,2,2,2,3,3.7
9660,-1,0,0,0,1,1,1,1,2,2,2,3,3.68
9670,-1,0,0,0,1,1,1,1,2,2,2,3,3.66
9680,-1,0,0,0,1,1,1,1,2,2,2,3,3.64
9690,-1,0,0,0,1,1,1,1,2,2,2,3,3.62
9700,-1,0,0,0,1,1,1,1,2,2,2,3,3.6
9710,-1,0,0,0,1,1,1,1,2,2,2,3,3.58
9720,-1,0,0,0,1,1,1,1,2,2,2,3,3.56
9730,-1,0,0,0,1,1,1,1,2,2,2,3,3.54
9740,-1,0,0,0,1,1,1,1,2,2,2,3,3.52
9750,-1,0,0,0,1,1,1,1,2,2,2,3,3.5
9760,-1,0,0,0,1,1,1,1,2,2,2,3,3.48
9770,-1,0,0,0,1,1,1,1,2,2,2,3,3.46
9780,-1,0,0,0,1,1,1,1,2,2,2,3,3.44
9790,-1,0,0,0,1,1,1,1,2,2,2,3,3.42
9800,-1,0,0,0,1,1,1,1,2,2,2,3,3.4
9810,-1,0,0,0,1,1,1,1,2,2,2,3,3.38
9820,-1,0,0,0,1,1,1,1,2,2,2,3,3.36
9830,-1,0,0,0,1,1,1,1,2,2,2,3,3.34
9840,-1,0,0,0,1,1,1,1,2,2,2,3,3.32
9850,-1,0,0,0,1,1,1,1,2,2,2,3,3.3
9860,-1,0,0,0,1,1,1,1,2,2,2,3,3.28
9870,-1,0,0,0,1,1,1,1,2,2,2,3,3.26
9880,-1,0,0,0,1,1,1,1,2,2,2,3,3.24
9890,-1,0,0,0,1,1,1,1,2,2,2,3,3.22
9900,-1,0,0,0,1,1,1,1,2,2,2,3,3.2
9910,-1,0,0,0,1,1,1,1,2,2,2,3,3.18
9920,-1,0,0,0,1,1,1,1,2,2,2,3,3.16
9930,-1,0,0,0,1,1,1,1,2,2,2,3,3.14
9940,-1,0,0,0,1,1,1,1,2,2,2,3,3.12
9950,-1,0,0,0,1,1,1,1,2,2,2,3,3.1
9960,-1,0,0,0,1,1,1,1,2,2,2,3,3.08
9970,-1,0,0,0,1,1,1,1,2,2,2,3,3.06
9980,-1,0,0,0,1,1,1,1,2,2,2,3,3.04
9990,-1,0,0,0,1,1,1,1,2,2,2,3,3.02
10000,-1,0,0,0,1,1,1,1,2,2,2,3,3
10010,-0.98,0,0,0,0.98,1,1,1,1.98,2,2,2.98,3
10020,-0.96,0,0,0,0.96,1,1,1,1.96,2,2,2.96,3
10030,-0.94,0,0,0,0.94,1,1,1,1.94,2,2,2.94,3
10040,-0.92,0,0,0,0.92,1,1,1,1.92,2,2,2.92,3
10050,-0.9,0,0,0,0.9,1,1,1,1.9,2,2,2.9,3
10060,-0.88,0,0,0,0.88,1,1,1,1.88,2,2,2.88,3
10070,-0.86,0,0,0,0.86,1,1,1,1.86,2,2,2.86,3
10080,-0.84,0,0,0,0.84,1,1,1,1.84,2,2,2.84,3
10090,-0.82,0,0,0,0.82,1,1,1,1.82,2,2,2.82,3
10100,-0.8,0,0,0,0.8,1,1,1,1.8,2,2,2.8,3
10110,-0.78,0,0,0,0.78,1,1,1,1.78,2,2,2.78,3
10120,-0.76,0,0,0,0.76,1,1,1,1.76,2,2,2.76,3
10130,-0.74,0,0,0,0.74,1,1,1,1.74,2,2,2.74,3
10140,-0.72,0,0,0,0.72,1,1,1,1.72,2,2,2.72,3
10150,-0.7,0,0,0,0.7,1,1,1,1.7,2,2,2.7,3
10160,-0.68,0,0,0,0.68,1,1,1,1.68,2,2,2.68,3
10170,-0.66,0,0,0,0.66,1,1,1,1.66,2,2,2.66,3
10180,-0.64,0,0,0,0.64,1,1,1,1.64,2,2,2.64,3
10190,-0.62,0,0,0,0.62,1,1,1,1.62,2,2,2.62,3
10200,-0.6,0,0,0,0.6,1,1,1,1.6,2,2,2.6,3
10210,-0.58,0,0,0,0.58,1,1,1,1.58,2,2,2.58,3
10220,-0.56,0,0,0,0.56,1,1,1,1.56,2,2,2.56,3
10230,-0.54,0,0,0,0.54,1,1,1,1.54,2,2,2.54,3
10240,-0.52,0,0,0,0.52,1,1,1,1.52,2,2,2.52,3
10250,-0.5,0,0,0,0.5,1,1,1,1.5,2,2,2.5,3
10260,-0.48,0,0,0,0.48,1,1,1,1.48,2,2,2.48,3
10270,-0.46,0,0,0,0.46,1,1,1,1.46,2,2,2.46,3
10280,-0.44,0,0,0,0.44,1,1,1,1.44,2,2,2.44,3
10290,-0.42,0,0,0,0.42,1,1,1,1.42,2,2,2.42,3
10300,-0.4,0,0,0,0.4,1,1,1,1.4,2,2,2.4,3
10310,-0.38,0,0,0,0.38,1,1,1,1.38,2,2,2.38,3
10320,-0.36,0,0,0,0.36,1,1,1,1.36,2,2,2.36,3
10330,-0.34,0,0,0,0.34,1,1,1,1.34,2,2,2.34,3
10340,-0.32,0,0,0,0.32,1,1,1,1.32,2,2,2.32,3
10350,-0.3,0,0,0,0.3,1,1,1,1.3,2,2,2.3,3
10360,-0.28,0,0,0,0.28,1,1,1,1.28,2,2,2.28,3
10370,-0.26,0,0,0,0.26,1,1,1,1.26,2,2,2.26,3
10380,-0.24,0,0,0,0.24,1,1,1,1.24,2,2,2.24,3
10390,-0.22,0,0,0,0.22,1,1,1,1.22,2,2,2.22,3
10400,-0.2,0,0,0,0.2,1,1,1,1.2,2,2,2.2,3
10410,-0.18,0,0,0,0.18,1,1,1,1.18,2,2,2.18,3
10420,-0.16,0,0,0,0.16,1,1,1,1.16,2,2,2.16,3
10430,-0.14,0,0,0,0.14,1,1,1,1.14,2,2,2.14,3
10440,-0.12,0,0,0,0.12,1,1,1,1.12,2,2,2.12,3
10450,-0.1,0,0,0,0.1,1,1,1,1.1,2,2,2.1,3
10460,-0.08,0,0,0,0.08,1,1,1,1.08,2,2,2.08,3
10470,-0.06,0,0,0,0.06,1,1,1,1.06,2,2,2.06,3
10480,-0.04,0,0,0,0.04,1,1,1,1.04,2,2,2.04,3
10490,-0.02,0,0,0,0.02,1,1,1,1.02,2,2,2.02,3
10500,0,0,0,0,0,1,1,1,1,2,2,2,3
10510,0,0,0,0,0,1,1,1,1,1.98,1.98,2,2.98
10520,0,0,0,0,0,1,1,1,1,1.96,1.96,2,2.96
10530,0,0,0,0,0,1,1,1,1,1.94,1.94,2,2.94
10540,0,0,0,0,0,1,1,1,1,1.92,1.92,2,2.92
10550,0,0,0,0,0,1,1,1,1,1.9,1.9,2,2.9
10560,0,0,0,0,0,1,1,1,1,1.88,1.88,2,2.88
10570,0,0,0,0,0,1,1,1,1,1.86,1.86,2,2.86
10580,0,0,0,0,0,1,1,1,1,1.84,1.84,2,2.84
10590,0,0,0,0,0,1,1,1,1,1.82,1.82,2,2.82
10600,0,0,0,0,0,1,1,1,1,1.8,1.8,2,2.8
10610,0,0,0,0,0,1,1,1,1,1.78,1.78,2,2.78
10620,0,0,0,0,0,1,1,1,1,1.76,1.76,2,2.76
10630,0,0,0,0,0,1,1,1,1,1.74,1.74,2,2.74
10640,0,0,0,0,0,1,1,1,1,1.72,1.72,2,2.72
10650,0,0,0,0,0,1,1,1,1,1.7,1.7,2,2.7
10660,0,0,0,0,0,1,1,1,1,1.68,1.68,2,2.68
10670,0,0,0,0,0,1,1,1,1,1.66,1.66,2,2.66
10680,0,0,0,0,0,1,1,1,1,1.64,1.64,2,2.64
10690,0,0,0,0,0,1,1,1,1,1.62,1.62,2,2.62
10700,0,0,0,0,0,1,1,1,1,1.6,1.6,2,2.6
10710,0,0,0,0,0,1,1,1,1,1.58,1.58,2,2.58
10720,0,0,0,0,0,1,1,1,1,1.56,1.56,2,2.56
10730,0,0,0,0,0,1,1,1,1,1.54,1.54,2,2.54
10740,0,0,0,0,0,1,1,1,1,1.52,1.52,2,2.52
10750,0,0,0,0,0,1,1,1,1,1.5,1.5,2,2.5
10760,0,0,0,0,0,1,1,1,1,1.48,1.48,2,2.48
10770,0,0,0,0,0,1,1,1,1,1.46,1.46,2,2.46
10780,0,0,0,0,0,1,1,1,1,1.44,1.44,2,2.44
10790,0,0,0,0,0,1,1,1,1,1.42,1.42,2,2.42
10800,0,0,0,0,0,1,1,1,1,1.4,1.4,2,2.4
10810,0,0,0,0,0,1,1,1,1,1.38,1.38,2,2.38
10820,0,0,0,0,0,1,1,1,1,1.36,1.36,2,2.36
10830,0,0,0,0,0,1,1,1,1,1.34,1.34,2,2.34
10840,0,0,0,0,0,1,1,1,1,1.32,1.32,2,2.32
10850,0,0,0,0,0,1,1,1,1,1.3,1.3,2,2.3
10860,0,0,0,0,0,1,1,1,1,1.28,1.28,2,2.28
10870,0,0,0,0,0,1,1,1,1,1.26,1.26,2,2.26
10880,0,0,0,0,0,1,1,1,1,1.24,1.24,2,2.24
10890,0,0,0,0,0,1,1,1,1,1.22,1.22,2,2.22
10900,0,0,0,0,0,1,1,1,1,1.2,1.2,2,2.2
10910,0,0,0,0,0,1,1,1,1,1.18,1.18,2,2.18
10920,0,0,0,0,0,1,1,1,1,1.16,1.16,2,2.16
10930,0,0,0,0,0,1,1,1,1,1.14,1.14,2,2.14
10940,0,0,0,0,0,1,1,1,1,1.12,1.12,2,2.12
10950,0,0,0,0,0,1,1,1,1,1.1,1.1,2,2.1
10960,0,0,0,0,0,1,1,1,1,1.08,1.08,2,2.08
10970,0,0,0,0,0,1,1,1,1,1.06,1.06,2,2.06
10980,0,0,0,0,0,1,1,1,1,1.04,1.04,2,2.04
10990,0,0,0,0,0,1,1,1,1,1.02,1.02,2,2.02
11000,0,0,0,0,0,1,1,1,1,1,1,2,2
11010,0,0,0,0,0,0.98,1,1,1,1,1,1.98,2
11020,0,0,0,0,0,0.96,1,1,1,1,1,1.96,2
11030,0,0,0,0,0,0.94,1,1,1,1,1,1.94,2
11040,0,0,0,0,0,0.92,1,1,1,1,1,1.92,2
11050,0,0,0,0,0,0.9,1,1,1,1,1,1.9,2
11060,0,0,0,0,0,0.88,1,1,1,1,1,1.88,2
11070,0,0,0,0,0,0.86,1,1,1,1,1,1.86,2
11080,0,0,0,0,0,0.84,1,1,1,1,1,1.84,2
11090,0,0,0,0,0,0.82,1,1,1,1,1,1.82,2
11100,0,0,0,0,0,0.8,1,1,1,1,1,1.8,2
11110,0,0,0,0,0,0.78,1,1,1,1,1,1.78,2
11120,0,0,0,0,0,0.76,1,1,1,1,1,1.76,2
11130,0,0,0,0,0,0.74,1,1,1,1,1,1.74,2
11140,0,0,0,0,0,0.72,1,1,1,1,1,1.72,2
11150,0,0,0,0,0,0.7,1,1,1,1,1,1.7,2
11160,0,0,0,0,0,0.68,1,1,1,1,1,1.68,2
11170,0,0,0,0,0,0.66,1,1,1,1,1,1.66,2
11180,0,0,0,0,0,0.64,1,1,1,1,1,1.64,2
11190,0,0,0,0,0,0.62,1,1,1,1,1,1.62,2
11200,0,0,0,0,0,0.6,1,1,1,1,1,1.6,2
11210,0,0,0,0,0,0.58,1,1,1,1,1,1.58,2
11220,0,0,0,0,0,0.56,1,1,1,1,1,1.56,2
11230,0,0,0,0,0,0.54,1,1,1,1,1,1.54,2
11240,0,0,0,0,0,0.52,1,1,1,1,1,1.52,2
11250,0,0,0,0,0,0.5,1,1,1,1,1,1.5,2
11260,0,0,0,0,0,0.48,1,1,1,1,1,1.48,2
11270,0,0,0,0,0,0.46,1,1,1,1,1,1.46,2
11280,0,0,0,0,0,0.44,1,1,1,1,1,1.44,2
11290,0,0,0,0,0,0.42,1,1,1,1,1,1.42,2
11300,0,0,0,0,0,0.4,1,1,1,1,1,1.4,2
11310,0,0,0,0,0,0.38,1,1,1,1,1,1.38,2
11320,0,0,0,0,0,0.36,1,1,1,1,1,1.36,2
11330,0,0,0,0,0,0.34,1,1,1,1,1,1.34,2
11340,0,0,0,0,0,0.32,1,1,1,1,1,1.32,2
11350,0,0,0,0,0,0.3,1,1,1,1,1,1.3,2
11360,0,0,0,0,0,0.28,1,1,1,1,1,1.28,2
11370,0,0,0,0,0,0.26,1,1,1,1,1,1.26,2
11380,0,0,0,0,0,0.24,1,1,1,1,1,1.24,2
11390,0,0,0,0,0,0.22,1,1,1,1,1,1.22,2
11400,0,0,0,0,0,0.2,1,1,1,1,1,1.2,2
11410,0,0,0,0,0,0.18,1,1,1,1,1,1.18,2
11420,0,0,0,0,0,0.16,1,1,1,1,1,1.16,2
11430,0,0,0,0,0,0.14,1,1,1,1,1,1.14,2
11440,0,0,0,0,0,0.12,1,1,1,1,1,1.12,2
11450,0,0,0,0,0,0.1,1,1,1,1,1,1.1,2
11460,0,0,0,0,0,0.08,1,1,1,1,1,1.08,2
11470,0,0,0,0,0,0.06,1,1,1,1,1,1.06,2
11480,0,0,0,0,0,0.04,1,1,1,1,1,1.04,2
11490,0,0,0,0,0,0.02,1,1,1,1,1,1.02,2
11500,0,0,0,0,0,0,1,1,1,1,1,1,2
11510,0,0,0,0,0,0,0.98,1,1,1,1,1,1.98
11520,0,0,0,0,0,0,0.96,1,1,1,1,1,1.96
11530,0,0,0,0,0,0,0.94,1,1,1,1,1,1.94
11540,0,0,0,0,0,0,0.92,1,1,1,1,1,1.92
11550,0,0,0,0,0,0,0.9,1,1,1,1,1,1.9
11560,0,0,0,0,0,0,0.88,1,1,1,1,1,1.88
11570,0,0,0,0,0,0,0.86,1,1,1,1,1,1.86
11580,0,0,0,0,0,0,0.84,1,1,1,1,1,1.84
11590,0,0,0,0,0,0,0.82,1,1,1,1,1,1.82
11600,0,0,0,0,0,0,0.8,1,1,1,1,1,1.8
11610,0,0,0,0,0,0,0.78,1,1,1,1,1,1.78
11620,0,0,0,0,0,0,0.76,1,1,1,1,1,1.76
11630,0,0,0,0,0,0,0.74,1,1,1,1,1,1.74
11640,0,0,0,0,0,0,0.72,1,1,1,1,1,1.72
11650,0,0,0,0,0,0,0.7,1,1,1,1,1,1.7
11660,0,0,0,0,0,0,0.68,1,1,1,1,1,1.68
11670,0,0,0,0,0,0,0.66,1,1,1,1,1,1.66
11680,0,0,0,0,0,0,0.64,1,1,1,1,1,1.64
11690,0,0,0,0,0,0,0.62,1,1,1,1,1,1.62
11700,0,0,0,0,0,0,0.6,1,1,1,1,1,1.6
11710,0,0,0,0,0,0,0.58,1,1,1,1,1,1.58
11720,0,0,0,0,0,0,0.56,1,1,1,1,1,1.56
11730,0,0,0,0,0,0,0.54,1,1,1,1,1,1.54
11740,0,0,0,0,0,0,0.52,1,1,1,1,1,1.52
11750,0,0,0,0,0,0,0.5,1,1,1,1,1,1.5
11760,0,0,0,0,0,0,0.48,1,1,1,1,1,1.48
11770,0,0,0,0,0,0,0.46,1,1,1,1,1,1.46
11780,0,0,0,0,0,0,0.44,1,1,1,1,1,1.44
11790,0,0,0,0,0,0,0.42,1,1,1,1,1,1.42
11800,0,0,0,0,0,0,0.4,1,1,1,1,1,1.4
11810,0,0,0,0,0,0,0.38,1,1,1,1,1,1.38
11820,0,0,0,0,0,0,0.36,1,1,1,1,1,1.36
11830,0,0,0,0,0,0,0.34,1,1,1,1,1,1.34
11840,0,0,0,0,0,0,0.32,1,1,1,1,1,1.32
11850,0,0,0,0,0,0,0.3,1,1,1,1,1,1.3
11860,0,0,0,0,0,0,0.28,1,1,1,1,1,1.28
11870,0,0,0,0,0,0,0.26,1,1,1,1,1,1.26
11880,0,0,0,0,0,0,0.24,1,1,1,1,1,1.24
11890,0,0,0,0,0,0,0.22,1,1,1,1,1,1.22
11900,0,0,0,0,0,0,0.2,1,1,1,1,1,1.2
11910,0,0,0,0,0,0,0.18,1,1,1,1,1,1.18
11920,0,0,0,0,0,0,0.16,1,1,1,1,1,1.16
11930,0,0,0,0,0,0,0.14,1,1,1,1,1,1.14
11940,0,0,0,0,0,0,0.12,1,1,1,1,1,1.12
11950,0,0,0,0,0,0,0.1,1,1,1,1,1,1.1
11960,0,0,0,0,0,0,0.08,1,1,1,1,1,1.08
11970,0,0,0,0,0,0,0.06,1,1,1,1,1,1.06
11980,0,0,0,0,0,0,0.04,1,1,1,1,1,1.04
11990,0,0,0,0,0,0,0.02,1,1,1,1,1,1.02
12000,0,0,0,0,0,0,0,1,1,1,1,1,1
