level,trim_-5.0,trim_-4.0,trim_-3.0,trim_-2.5,trim_-2.0,trim_-1.5,trim_-1.0,trim_-0.5,trim_0.0,trim_0.5,trim_1.0,trim_1.5,trim_2.0
0,11,8,5,4,3,2,1,0,0,13,27,41,54
10,5.5,2.8,0.3,-0.3,-0.9,-1.1,-1.1,-1.1,0,12.8,26.6,40.4,53.4
20,0,-2.4,-4.4,-4.6,-4.8,-4.2,-3.2,-2.2,0,12.6,26.2,39.8,52.8
30,-5.5,-7.6,-9.1,-8.9,-8.7,-7.3,-5.3,-3.3,0,12.4,25.8,39.2,52.2
40,-11,-12.8,-13.8,-13.2,-12.6,-10.4,-7.4,-4.4,0,12.2,25.4,38.6,51.6
50,-16.5,-18,-18.5,-17.5,-16.5,-13.5,-9.5,-5.5,0,12,25,38,51
60,-22,-23.2,-23.2,-21.8,-20.4,-16.6,-11.6,-6.6,0,11.8,24.6,37.4,50.4
70,-27.5,-28.4,-27.9,-26.1,-24.3,-19.7,-13.7,-7.7,0,11.6,24.2,36.8,49.8
80,-33,-33.6,-32.6,-30.4,-28.2,-22.8,-15.8,-8.8,0,11.4,23.8,36.2,49.2
90,-38.5,-38.8,-37.3,-34.7,-32.1,-25.9,-17.9,-9.9,0,11.2,23.4,35.6,48.6
100,-44,-44,-42,-39,-36,-29,-20,-11,0,11,23,35,48
110,-47.3,-46.5,-43.5,-40,-36.4,-29.2,-20.1,-11,0,11,23,34.9,47.8
120,-50.6,-49,-45,-41,-36.8,-29.4,-20.2,-11,0,11,23,34.8,47.6
130,-53.9,-51.5,-46.5,-42,-37.2,-29.6,-20.3,-11,0,11,23,34.7,47.4
140,-57.2,-54,-48,-43,-37.6,-29.8,-20.4,-11,0,11,23,34.6,47.2
150,-60.5,-56.5,-49.5,-44,-38,-30,-20.5,-11,0,11,23,34.5,47
160,-63.8,-59,-51,-45,-38.4,-30.2,-20.6,-11,0,11,23,34.4,46.8
170,-67.1,-61.5,-52.5,-46,-38.8,-30.4,-20.7,-11,0,11,23,34.3,46.6
180,-70.4,-64,-54,-47,-39.2,-30.6,-20.8,-11,0,11,23,34.2,46.4
190,-73.7,-66.5,-55.5,-48,-39.6,-30.8,-20.9,-11,0,11,23,34.1,46.2
200,-77,-69,-57,-49,-40,-31,-21,-11,0,11,23,34,46
210,-78.4,-69.8,-57.3,-49.2,-40.2,-31.1,-21,-11,0,11,22.9,34,46
220,-79.8,-70.6,-57.6,-49.4,-40.4,-31.2,-21,-11,0,11,22.8,34,46
230,-81.2,-71.4,-57.9,-49.6,-40.6,-31.3,-21,-11,0,11,22.7,34,46
240,-82.6,-72.2,-58.2,-49.8,-40.8,-31.4,-21,-11,0,11,22.6,34,46
250,-84,-73,-58.5,-50,-41,-31.5,-21,-11,0,11,22.5,34,46
260,-85.4,-73.8,-58.8,-50.2,-41.2,-31.6,-21,-11,0,11,22.4,34,46
270,-86.8,-74.6,-59.1,-50.4,-41.4,-31.7,-21,-11,0,11,22.3,34,46
280,-88.2,-75.4,-59.4,-50.6,-41.6,-31.8,-21,-11,0,11,22.2,34,46
290,-89.6,-76.2,-59.7,-50.8,-41.8,-31.9,-21,-11,0,11,22.1,34,46
300,-91,-77,-60,-51,-42,-32,-21,-11,0,11,22,34,46
310,-91.6,-77.3,-60.2,-51.1,-42,-32,-21.1,-11,0,11,22,34,46
320,-92.2,-77.6,-60.4,-51.2,-42,-32,-21.2,-11,0,11,22,34,46
330,-92.8,-77.9,-60.6,-51.3,-42,-32,-21.3,-11,0,11,22,34,46
340,-93.4,-78.2,-60.8,-51.4,-42,-32,-21.4,-11,0,11,22,34,46
350,-94,-78.5,-61,-51.5,-42,-32,-21.5,-11,0,11,22,34,46
360,-94.6,-78.8,-61.2,-51.6,-42,-32,-21.6,-11,0,11,22,34,46
370,-95.2,-79.1,-61.4,-51.7,-42,-32,-21.7,-11,0,11,22,34,46
380,-95.8,-79.4,-61.6,-51.8,-42,-32,-21.8,-11,0,11,22,34,46
390,-96.4,-79.7,-61.8,-51.9,-42,-32,-21.9,-11,0,11,22,34,46
400,-97,-80,-62,-52,-42,-32,-22,-11,0,11,22,34,46
410,-97.2,-80.1,-62,-52.1,-42,-32,-22,-11,0,11,22,34,45.9
420,-97.4,-80.2,-62,-52.2,-42,-32,-22,-11,0,11,22,34,45.8
430,-97.6,-80.3,-62,-52.3,-42,-32,-22,-11,0,11,22,34,45.7
440,-97.8,-80.4,-62,-52.4,-42,-32,-22,-11,0,11,22,34,45.6
450,-98,-80.5,-62,-52.5,-42,-32,-22,-11,0,11,22,34,45.5
460,-98.2,-80.6,-62,-52.6,-42,-32,-22,-11,0,11,22,34,45.4
470,-98.4,-80.7,-62,-52.7,-42,-32,-22,-11,0,11,22,34,45.3
480,-98.6,-80.8,-62,-52.8,-42,-32,-22,-11,0,11,22,34,45.2
490,-98.8,-80.9,-62,-52.9,-42,-32,-22,-11,0,11,22,34,45.1
500,-99,-81,-62,-53,-42,-32,-22,-11,0,11,22,34,45
510,-99.1,-81.06,-62.04,-53.02,-42.02,-32,-22,-11,0,11,22,33.98,45
520,-99.2,-81.12,-62.08,-53.04,-42.04,-32,-22,-11,0,11,22,33.96,45
530,-99.3,-81.18,-62.12,-53.06,-42.06,-32,-22,-11,0,11,22,33.94,45
540,-99.4,-81.24,-62.16,-53.08,-42.08,-32,-22,-11,0,11,22,33.92,45
550,-99.5,-81.3,-62.2,-53.1,-42.1,-32,-22,-11,0,11,22,33.9,45
560,-99.6,-81.36,-62.24,-53.12,-42.12,-32,-22,-11,0,11,22,33.88,45
570,-99.7,-81.42,-62.28,-53.14,-42.14,-32,-22,-11,0,11,22,33.86,45
580,-99.8,-81.48,-62.32,-53.16,-42.16,-32,-22,-11,0,11,22,33.84,45
590,-99.9,-81.54,-62.36,-53.18,-42.18,-32,-22,-11,0,11,22,33.82,45
600,-100,-81.6,-62.4,-53.2,-42.2,-32,-22,-11,0,11,22,33.8,45
610,-100.1,-81.66,-62.44,-53.22,-42.22,-32,-22,-11,0,11,22,33.78,45
620,-100.2,-81.72,-62.48,-53.24,-42.24,-32,-22,-11,0,11,22,33.76,45
630,-100.3,-81.78,-62.52,-53.26,-42.26,-32,-22,-11,0,11,22,33.74,45
640,-100.4,-81.84,-62.56,-53.28,-42.28,-32,-22,-11,0,11,22,33.72,45
650,-100.5,-81.9,-62.6,-53.3,-42.3,-32,-22,-11,0,11,22,33.7,45
660,-100.6,-81.96,-62.64,-53.32,-42.32,-32,-22,-11,0,11,22,33.68,45
670,-100.7,-82.02,-62.68,-53.34,-42.34,-32,-22,-11,0,11,22,33.66,45
680,-100.8,-82.08,-62.72,-53.36,-42.36,-32,-22,-11,0,11,22,33.64,45
690,-100.9,-82.14,-62.76,-53.38,-42.38,-32,-22,-11,0,11,22,33.62,45
700,-101,-82.2,-62.8,-53.4,-42.4,-32,-22,-11,0,11,22,33.6,45
710,-101.1,-82.26,-62.84,-53.42,-42.42,-32,-22,-11,0,11,22,33.58,45
720,-101.2,-82.32,-62.88,-53.44,-42.44,-32,-22,-11,0,11,22,33.56,45
730,-101.3,-82.38,-62.92,-53.46,-42.46,-32,-22,-11,0,11,22,33.54,45
740,-101.4,-82.44,-62.96,-53.48,-42.48,-32,-22,-11,0,11,22,33.52,45
750,-101.5,-82.5,-63,-53.5,-42.5,-32,-22,-11,0,11,22,33.5,45
760,-101.6,-82.56,-63.04,-53.52,-42.52,-32,-22,-11,0,11,22,33.48,45
770,-101.7,-82.62,-63.08,-53.54,-42.54,-32,-22,-11,0,11,22,33.46,45
780,-101.8,-82.68,-63.12,-53.56,-42.56,-32,-22,-11,0,11,22,33.44,45
790,-101.9,-82.74,-63.16,-53.58,-42.58,-32,-22,-11,0,11,22,33.42,45
800,-102,-82.8,-63.2,-53.6,-42.6,-32,-22,-11,0,11,22,33.4,45
810,-102.1,-82.86,-63.24,-53.62,-42.62,-32,-22,-11,0,11,22,33.38,45
820,-102.2,-82.92,-63.28,-53.64,-42.64,-32,-22,-11,0,11,22,33.36,45
830,-102.3,-82.98,-63.32,-53.66,-42.66,-32,-22,-11,0,11,22,33.34,45
840,-102.4,-83.04,-63.36,-53.68,-42.68,-32,-22,-11,0,11,22,33.32,45
850,-102.5,-83.1,-63.4,-53.7,-42.7,-32,-22,-11,0,11,22,33.3,45
860,-102.6,-83.16,-63.44,-53.72,-42.72,-32,-22,-11,0,11,22,33.28,45
870,-102.7,-83.22,-63.48,-53.74,-42.74,-32,-22,-11,0,11,22,33.26,45
880,-102.8,-83.28,-63.52,-53.76,-42.76,-32,-22,-11,0,11,22,33.24,45
890,-102.9,-83.34,-63.56,-53.78,-42.78,-32,-22,-11,0,11,22,33.22,45
900,-103,-83.4,-63.6,-53.8,-42.8,-32,-22,-11,0,11,22,33.2,45
910,-103.1,-83.46,-63.64,-53.82,-42.82,-32,-22,-11,0,11,22,33.18,45
920,-103.2,-83.52,-63.68,-53.84,-42.84,-32,-22,-11,0,11,22,33.16,45
930,-103.3,-83.58,-63.72,-53.86,-42.86,-32,-22,-11,0,11,22,33.14,45
940,-103.4,-83.64,-63.76,-53.88,-42.88,-32,-22,-11,0,11,22,33.12,45
950,-103.5,-83.7,-63.8,-53.9,-42.9,-32,-22,-11,0,11,22,33.1,45
960,-103.6,-83.76,-63.84,-53.92,-42.92,-32,-22,-11,0,11,22,33.08,45
970,-103.7,-83.82,-63.88,-53.94,-42.94,-32,-22,-11,0,11,22,33.06,45
980,-103.8,-83.88,-63.92,-53.96,-42.96,-32,-22,-11,0,11,22,33.04,45
990,-103.9,-83.94,-63.96,-53.98,-42.98,-32,-22,-11,0,11,22,33.02,45
1000,-104,-84,-64,-54,-43,-32,-22,-11,0,11,22,33,45
1010,-104.04,-84.02,-64.02,-54,-43,-32.02,-22,-11,0,11,22,33,45
1020,-104.08,-84.04,-64.04,-54,-43,-32.04,-22,-11,0,11,22,33,45
1030,-104.12,-84.06,-64.06,-54,-43,-32.06,-22,-11,0,11,22,33,45
1040,-104.16,-84.08,-64.08,-54,-43,-32.08,-22,-11,0,11,22,33,45
1050,-104.2,-84.1,-64.1,-54,-43,-32.1,-22,-11,0,11,22,33,45
1060,-104.24,-84.12,-64.12,-54,-43,-32.12,-22,-11,0,11,22,33,45
1070,-104.28,-84.14,-64.14,-54,-43,-32.14,-22,-11,0,11,22,33,45
1080,-104.32,-84.16,-64.16,-54,-43,-32.16,-22,-11,0,11,22,33,45
1090,-104.36,-84.18,-64.18,-54,-43,-32.18,-22,-11,0,11,22,33,45
1100,-104.4,-84.2,-64.2,-54,-43,-32.2,-22,-11,0,11,22,33,45
1110,-104.44,-84.22,-64.22,-54,-43,-32.22,-22,-11,0,11,22,33,45
1120,-104.48,-84.24,-64.24,-54,-43,-32.24,-22,-11,0,11,22,33,45
1130,-104.52,-84.26,-64.26,-54,-43,-32.26,-22,-11,0,11,22,33,45
1140,-104.56,-84.28,-64.28,-54,-43,-32.28,-22,-11,0,11,22,33,45
1150,-104.6,-84.3,-64.3,-54,-43,-32.3,-22,-11,0,11,22,33,45
1160,-104.64,-84.32,-64.32,-54,-43,-32.32,-22,-11,0,11,22,33,45
1170,-104.68,-84.34,-64.34,-54,-43,-32.34,-22,-11,0,11,22,33,45
1180,-104.72,-84.36,-64.36,-54,-43,-32.36,-22,-11,0,11,22,33,45
1190,-104.76,-84.38,-64.38,-54,-43,-32.38,-22,-11,0,11,22,33,45
1200,-104.8,-84.4,-64.4,-54,-43,-32.4,-22,-11,0,11,22,33,45
1210,-104.84,-84.42,-64.42,-54,-43,-32.42,-22,-11,0,11,22,33,45
1220,-104.88,-84.44,-64.44,-54,-43,-32.44,-22,-11,0,11,22,33,45
1230,-104.92,-84.46,-64.46,-54,-43,-32.46,-22,-11,0,11,22,33,45
1240,-104.96,-84.48,-64.48,-54,-43,-32.48,-22,-11,0,11,22,33,45
1250,-105,-84.5,-64.5,-54,-43,-32.5,-22,-11,0,11,22,33,45
1260,-105.04,-84.52,-64.52,-54,-43,-32.52,-22,-11,0,11,22,33,45
1270,-105.08,-84.54,-64.54,-54,-43,-32.54,-22,-11,0,11,22,33,45
1280,-105.12,-84.56,-64.56,-54,-43,-32.56,-22,-11,0,11,22,33,45
1290,-105.16,-84.58,-64.58,-54,-43,-32.58,-22,-11,0,11,22,33,45
1300,-105.2,-84.6,-64.6,-54,-43,-32.6,-22,-11,0,11,22,33,45
1310,-105.24,-84.62,-64.62,-54,-43,-32.62,-22,-11,0,11,22,33,45
1320,-105.28,-84.64,-64.64,-54,-43,-32.64,-22,-11,0,11,22,33,45
1330,-105.32,-84.66,-64.66,-54,-43,-32.66,-22,-11,0,11,22,33,45
1340,-105.36,-84.68,-64.68,-54,-43,-32.68,-22,-11,0,11,22,33,45
1350,-105.4,-84.7,-64.7,-54,-43,-32.7,-22,-11,0,11,22,33,45
1360,-105.44,-84.72,-64.72,-54,-43,-32.72,-22,-11,0,11,22,33,45
1370,-105.48,-84.74,-64.74,-54,-43,-32.74,-22,-11,0,11,22,33,45
1380,-105.52,-84.76,-64.76,-54,-43,-32.76,-22,-11,0,11,22,33,45
1390,-105.56,-84.78,-64.78,-54,-43,-32.78,-22,-11,0,11,22,33,45
1400,-105.6,-84.8,-64.8,-54,-43,-32.8,-22,-11,0,11,22,33,45
1410,-105.64,-84.82,-64.82,-54,-43,-32.82,-22,-11,0,11,22,33,45
1420,-105.68,-84.84,-64.84,-54,-43,-32.84,-22,-11,0,11,22,33,45
1430,-105.72,-84.86,-64.86,-54,-43,-32.86,-22,-11,0,11,22,33,45
1440,-105.76,-84.88,-64.88,-54,-43,-32.88,-22,-11,0,11,22,33,45
1450,-105.8,-84.9,-64.9,-54,-43,-32.9,-22,-11,0,11,22,33,45
1460,-105.84,-84.92,-64.92,-54,-43,-32.92,-22,-11,0,11,22,33,45
1470,-105.88,-84.94,-64.94,-54,-43,-32.94,-22,-11,0,11,22,33,45
1480,-105.92,-84.96,-64.96,-54,-43,-32.96,-22,-11,0,11,22,33,45
1490,-105.96,-84.98,-64.98,-54,-43,-32.98,-22,-11,0,11,22,33,45
1500,-106,-85,-65,-54,-43,-33,-22,-11,0,11,22,33,45
1510,-106.02,-85.02,-65,-54,-43,-33,-22,-11,0,11,22,33,44.98
1520,-106.04,-85.04,-65,-54,-43,-33,-22,-11,0,11,22,33,44.96
1530,-106.06,-85.06,-65,-54,-43,-33,-22,-11,0,11,22,33,44.94
1540,-106.08,-85.08,-65,-54,-43,-33,-22,-11,0,11,22,33,44.92
1550,-106.1,-85.1,-65,-54,-43,-33,-22,-11,0,11,22,33,44.9
1560,-106.12,-85.12,-65,-54,-43,-33,-22,-11,0,11,22,33,44.88
1570,-106.14,-85.14,-65,-54,-43,-33,-22,-11,0,11,22,33,44.86
1580,-106.16,-85.16,-65,-54,-43,-33,-22,-11,0,11,22,33,44.84
1590,-106.18,-85.18,-65,-54,-43,-33,-22,-11,0,11,22,33,44.82
1600,-106.2,-85.2,-65,-54,-43,-33,-22,-11,0,11,22,33,44.8
1610,-106.22,-85.22,-65,-54,-43,-33,-22,-11,0,11,22,33,44.78
1620,-106.24,-85.24,-65,-54,-43,-33,-22,-11,0,11,22,33,44.76
1630,-106.26,-85.26,-65,-54,-43,-33,-22,-11,0,11,22,33,44.74
1640,-106.28,-85.28,-65,-54,-43,-33,-22,-11,0,11,22,33,44.72
1650,-106.3,-85.3,-65,-54,-43,-33,-22,-11,0,11,22,33,44.7
1660,-106.32,-85.32,-65,-54,-43,-33,-22,-11,0,11,22,33,44.68
1670,-106.34,-85.34,-65,-54,-43,-33,-22,-11,0,11,22,33,44.66
1680,-106.36,-85.36,-65,-54,-43,-33,-22,-11,0,11,22,33,44.64
1690,-106.38,-85.38,-65,-54,-43,-33,-22,-11,0,11,22,33,44.62
1700,-106.4,-85.4,-65,-54,-43,-33,-22,-11,0,11,22,33,44.6
1710,-106.42,-85.42,-65,-54,-43,-33,-22,-11,0,11,22,33,44.58
1720,-106.44,-85.44,-65,-54,-43,-33,-22,-11,0,11,22,33,44.56
1730,-106.46,-85.46,-65,-54,-43,-33,-22,-11,0,11,22,33,44.54
1740,-106.48,-85.48,-65,-54,-43,-33,-22,-11,0,11,22,33,44.52
1750,-106.5,-85.5,-65,-54,-43,-33,-22,-11,0,11,22,33,44.5
1760,-106.52,-85.52,-65,-54,-43,-33,-22,-11,0,11,22,33,44.48
1770,-106.54,-85.54,-65,-54,-43,-33,-22,-11,0,11,22,33,44.46
1780,-106.56,-85.56,-65,-54,-43,-33,-22,-11,0,11,22,33,44.44
1790,-106.58,-85.58,-65,-54,-43,-33,-22,-11,0,11,22,33,44.42
1800,-106.6,-85.6,-65,-54,-43,-33,-22,-11,0,11,22,33,44.4
1810,-106.62,-85.62,-65,-54,-43,-33,-22,-11,0,11,22,33,44.38
1820,-106.64,-85.64,-65,-54,-43,-33,-22,-11,0,11,22,33,44.36
1830,-106.66,-85.66,-65,-54,-43,-33,-22,-11,0,11,22,33,44.34
1840,-106.68,-85.68,-65,-54,-43,-33,-22,-11,0,11,22,33,44.32
1850,-106.7,-85.7,-65,-54,-43,-33,-22,-11,0,11,22,33,44.3
1860,-106.72,-85.72,-65,-54,-43,-33,-22,-11,0,11,22,33,44.28
1870,-106.74,-85.74,-65,-54,-43,-33,-22,-11,0,11,22,33,44.26
1880,-106.76,-85.76,-65,-54,-43,-33,-22,-11,0,11,22,33,44.24
1890,-106.78,-85.78,-65,-54,-43,-33,-22,-11,0,11,22,33,44.22
1900,-106.8,-85.8,-65,-54,-43,-33,-22,-11,0,11,22,33,44.2
1910,-106.82,-85.82,-65,-54,-43,-33,-22,-11,0,11,22,33,44.18
1920,-106.84,-85.84,-65,-54,-43,-33,-22,-11,0,11,22,33,44.16
1930,-106.86,-85.86,-65,-54,-43,-33,-22,-11,0,11,22,33,44.14
1940,-106.88,-85.88,-65,-54,-43,-33,-22,-11,0,11,22,33,44.12
1950,-106.9,-85.9,-65,-54,-43,-33,-22,-11,0,11,22,33,44.1
1960,-106.92,-85.92,-65,-54,-43,-33,-22,-11,0,11,22,33,44.08
1970,-106.94,-85.94,-65,-54,-43,-33,-22,-11,0,11,22,33,44.06
1980,-106.96,-85.96,-65,-54,-43,-33,-22,-11,0,11,22,33,44.04
1990,-106.98,-85.98,-65,-54,-43,-33,-22,-11,0,11,22,33,44.02
2000,-107,-86,-65,-54,-43,-33,-22,-11,0,11,22,33,44
2010,-107,-86,-65,-54,-43.02,-33,-22,-11,0,11,22,33,44
2020,-107,-86,-65,-54,-43.04,-33,-22,-11,0,11,22,33,44
2030,-107,-86,-65,-54,-43.06,-33,-22,-11,0,11,22,33,44
2040,-107,-86,-65,-54,-43.08,-33,-22,-11,0,11,22,33,44
2050,-107,-86,-65,-54,-43.1,-33,-22,-11,0,11,22,33,44
2060,-107,-86,-65,-54,-43.12,-33,-22,-11,0,11,22,33,44
2070,-107,-86,-65,-54,-43.14,-33,-22,-11,0,11,22,33,44
2080,-107,-86,-65,-54,-43.16,-33,-22,-11,0,11,22,33,44
2090,-107,-86,-65,-54,-43.18,-33,-22,-11,0,11,22,33,44
2100,-107,-86,-65,-54,-43.2,-33,-22,-11,0,11,22,33,44
2110,-107,-86,-65,-54,-43.22,-33,-22,-11,0,11,22,33,44
2120,-107,-86,-65,-54,-43.24,-33,-22,-11,0,11,22,33,44
2130,-107,-86,-65,-54,-43.26,-33,-22,-11,0,11,22,33,44
2140,-107,-86,-65,-54,-43.28,-33,-22,-11,0,11,22,33,44
2150,-107,-86,-65,-54,-43.3,-33,-22,-11,0,11,22,33,44
2160,-107,-86,-65,-54,-43.32,-33,-22,-11,0,11,22,33,44
2170,-107,-86,-65,-54,-43.34,-33,-22,-11,0,11,22,33,44
2180,-107,-86,-65,-54,-43.36,-33,-22,-11,0,11,22,33,44
2190,-107,-86,-65,-54,-43.38,-33,-22,-11,0,11,22,33,44
2200,-107,-86,-65,-54,-43.4,-33,-22,-11,0,11,22,33,44
2210,-107,-86,-65,-54,-43.42,-33,-22,-11,0,11,22,33,44
2220,-107,-86,-65,-54,-43.44,-33,-22,-11,0,11,22,33,44
2230,-107,-86,-65,-54,-43.46,-33,-22,-11,0,11,22,33,44
2240,-107,-86,-65,-54,-43.48,-33,-22,-11,0,11,22,33,44
2250,-107,-86,-65,-54,-43.5,-33,-22,-11,0,11,22,33,44
2260,-107,-86,-65,-54,-43.52,-33,-22,-11,0,11,22,33,44
2270,-107,-86,-65,-54,-43.54,-33,-22,-11,0,11,22,33,44
2280,-107,-86,-65,-54,-43.56,-33,-22,-11,0,11,22,33,44
2290,-107,-86,-65,-54,-43.58,-33,-22,-11,0,11,22,33,44
2300,-107,-86,-65,-54,-43.6,-33,-22,-11,0,11,22,33,44
2310,-107,-86,-65,-54,-43.62,-33,-22,-11,0,11,22,33,44
2320,-107,-86,-65,-54,-43.64,-33,-22,-11,0,11,22,33,44
2330,-107,-86,-65,-54,-43.66,-33,-22,-11,0,11,22,33,44
2340,-107,-86,-65,-54,-43.68,-33,-22,-11,0,11,22,33,44
2350,-107,-86,-65,-54,-43.7,-33,-22,-11,0,11,22,33,44
2360,-107,-86,-65,-54,-43.72,-33,-22,-11,0,11,22,33,44
2370,-107,-86,-65,-54,-43.74,-33,-22,-11,0,11,22,33,44
2380,-107,-86,-65,-54,-43.76,-33,-22,-11,0,11,22,33,44
2390,-107,-86,-65,-54,-43.78,-33,-22,-11,0,11,22,33,44
2400,-107,-86,-65,-54,-43.8,-33,-22,-11,0,11,22,33,44
2410,-107,-86,-65,-54,-43.82,-33,-22,-11,0,11,22,33,44
2420,-107,-86,-65,-54,-43.84,-33,-22,-11,0,11,22,33,44
2430,-107,-86,-65,-54,-43.86,-33,-22,-11,0,11,22,33,44
2440,-107,-86,-65,-54,-43.88,-33,-22,-11,0,11,22,33,44
2450,-107,-86,-65,-54,-43.9,-33,-22,-11,0,11,22,33,44
2460,-107,-86,-65,-54,-43.92,-33,-22,-11,0,11,22,33,44
2470,-107,-86,-65,-54,-43.94,-33,-22,-11,0,11,22,33,44
2480,-107,-86,-65,-54,-43.96,-33,-22,-11,0,11,22,33,44
2490,-107,-86,-65,-54,-43.98,-33,-22,-11,0,11,22,33,44
2500,-107,-86,-65,-54,-44,-33,-22,-11,0,11,22,33,44
2510,-107.02,-86.02,-65,-54,-44,-33,-22,-11,0,11,22,33,44
2520,-107.04,-86.04,-65,-54,-44,-33,-22,-11,0,11,22,33,44
2530,-107.06,-86.06,-65,-54,-44,-33,-22,-11,0,11,22,33,44
2540,-107.08,-86.08,-65,-54,-44,-33,-22,-11,0,11,22,33,44
2550,-107.1,-86.1,-65,-54,-44,-33,-22,-11,0,11,22,33,44
2560,-107.12,-86.12,-65,-54,-44,-33,-22,-11,0,11,22,33,44
2570,-107.14,-86.14,-65,-54,-44,-33,-22,-11,0,11,22,33,44
2580,-107.16,-86.16,-65,-54,-44,-33,-22,-11,0,11,22,33,44
2590,-107.18,-86.18,-65,-54,-44,-33,-22,-11,0,11,22,33,44
2600,-107.2,-86.2,-65,-54,-44,-33,-22,-11,0,11,22,33,44
2610,-107.22,-86.22,-65,-54,-44,-33,-22,-11,0,11,22,33,44
2620,-107.24,-86.24,-65,-54,-44,-33,-22,-11,0,11,22,33,44
2630,-107.26,-86.26,-65,-54,-44,-33,-22,-11,0,11,22,33,44
2640,-107.28,-86.28,-65,-54,-44,-33,-22,-11,0,11,22,33,44
2650,-107.3,-86.3,-65,-54,-44,-33,-22,-11,0,11,22,33,44
2660,-107.32,-86.32,-65,-54,-44,-33,-22,-11,0,11,22,33,44
2670,-107.34,-86.34,-65,-54,-44,-33,-22,-11,0,11,22,33,44
2680,-107.36,-86.36,-65,-54,-44,-33,-22,-11,0,11,22,33,44
2690,-107.38,-86.38,-65,-54,-44,-33,-22,-11,0,11,22,33,44
2700,-107.4,-86.4,-65,-54,-44,-33,-22,-11,0,11,22,33,44
2710,-107.42,-86.42,-65,-54,-44,-33,-22,-11,0,11,22,33,44
2720,-107.44,-86.44,-65,-54,-44,-33,-22,-11,0,11,22,33,44
2730,-107.46,-86.46,-65,-54,-44,-33,-22,-11,0,11,22,33,44
2740,-107.48,-86.48,-65,-54,-44,-33,-22,-11,0,11,22,33,44
2750,-107.5,-86.5,-65,-54,-44,-33,-22,-11,0,11,22,33,44
2760,-107.52,-86.52,-65,-54,-44,-33,-22,-11,0,11,22,33,44
2770,-107.54,-86.54,-65,-54,-44,-33,-22,-11,0,11,22,33,44
2780,-107.56,-86.56,-65,-54,-44,-33,-22,-11,0,11,22,33,44
2790,-107.58,-86.58,-65,-54,-44,-33,-22,-11,0,11,22,33,44
2800,-107.6,-86.6,-65,-54,-44,-33,-22,-11,0,11,22,33,44
2810,-107.62,-86.62,-65,-54,-44,-33,-22,-11,0,11,22,33,44
2820,-107.64,-86.64,-65,-54,-44,-33,-22,-11,0,11,22,33,44
2830,-107.66,-86.66,-65,-54,-44,-33,-22,-11,0,11,22,33,44
2840,-107.68,-86.68,-65,-54,-44,-33,-22,-11,0,11,22,33,44
2850,-107.7,-86.7,-65,-54,-44,-33,-22,-11,0,11,22,33,44
2860,-107.72,-86.72,-65,-54,-44,-33,-22,-11,0,11,22,33,44
2870,-107.74,-86.74,-65,-54,-44,-33,-22,-11,0,11,22,33,44
2880,-107.76,-86.76,-65,-54,-44,-33,-22,-11,0,11,22,33,44
2890,-107.78,-86.78,-65,-54,-44,-33,-22,-11,0,11,22,33,44
2900,-107.8,-86.8,-65,-54,-44,-33,-22,-11,0,11,22,33,44
2910,-107.82,-86.82,-65,-54,-44,-33,-22,-11,0,11,22,33,44
2920,-107.84,-86.84,-65,-54,-44,-33,-22,-11,0,11,22,33,44
2930,-107.86,-86.86,-65,-54,-44,-33,-22,-11,0,11,22,33,44
2940,-107.88,-86.88,-65,-54,-44,-33,-22,-11,0,11,22,33,44
2950,-107.9,-86.9,-65,-54,-44,-33,-22,-11,0,11,22,33,44
2960,-107.92,-86.92,-65,-54,-44,-33,-22,-11,0,11,22,33,44
2970,-107.94,-86.94,-65,-54,-44,-33,-22,-11,0,11,22,33,44
2980,-107.96,-86.96,-65,-54,-44,-33,-22,-11,0,11,22,33,44
2990,-107.98,-86.98,-65,-54,-44,-33,-22,-11,0,11,22,33,44
3000,-108,-87,-65,-54,-44,-33,-22,-11,0,11,22,33,44
3010,-108,-87,-65,-54.02,-44,-33,-22,-11,0,11,22,33,44
3020,-108,-87,-65,-54.04,-44,-33,-22,-11,0,11,22,33,44
3030,-108,-87,-65,-54.06,-44,-33,-22,-11,0,11,22,33,44
3040,-108,-87,-65,-54.08,-44,-33,-22,-11,0,11,22,33,44
3050,-108,-87,-65,-54.1,-44,-33,-22,-11,0,11,22,33,44
3060,-108,-87,-65,-54.12,-44,-33,-22,-11,0,11,22,33,44
3070,-108,-87,-65,-54.14,-44,-33,-22,-11,0,11,22,33,44
3080,-108,-87,-65,-54.16,-44,-33,-22,-11,0,11,22,33,44
3090,-108,-87,-65,-54.18,-44,-33,-22,-11,0,11,22,33,44
3100,-108,-87,-65,-54.2,-44,-33,-22,-11,0,11,22,33,44
3110,-108,-87,-65,-54.22,-44,-33,-22,-11,0,11,22,33,44
3120,-108,-87,-65,-54.24,-44,-33,-22,-11,0,11,22,33,44
3130,-108,-87,-65,-54.26,-44,-33,-22,-11,0,11,22,33,44
3140,-108,-87,-65,-54.28,-44,-33,-22,-11,0,11,22,33,44
3150,-108,-87,-65,-54.3,-44,-33,-22,-11,0,11,22,33,44
3160,-108,-87,-65,-54.32,-44,-33,-22,-11,0,11,22,33,44
3170,-108,-87,-65,-54.34,-44,-33,-22,-11,0,11,22,33,44
3180,-108,-87,-65,-54.36,-44,-33,-22,-11,0,11,22,33,44
3190,-108,-87,-65,-54.38,-44,-33,-22,-11,0,11,22,33,44
3200,-108,-87,-65,-54.4,-44,-33,-22,-11,0,11,22,33,44
3210,-108,-87,-65,-54.42,-44,-33,-22,-11,0,11,22,33,44
3220,-108,-87,-65,-54.44,-44,-33,-22,-11,0,11,22,33,44
3230,-108,-87,-65,-54.46,-44,-33,-22,-11,0,11,22,33,44
3240,-108,-87,-65,-54.48,-44,-33,-22,-11,0,11,22,33,44
3250,-108,-87,-65,-54.5,-44,-33,-22,-11,0,11,22,33,44
3260,-108,-87,-65,-54.52,-44,-33,-22,-11,0,11,22,33,44
3270,-108,-87,-65,-54.54,-44,-33,-22,-11,0,11,22,33,44
3280,-108,-87,-65,-54.56,-44,-33,-22,-11,0,11,22,33,44
3290,-108,-87,-65,-54.58,-44,-33,-22,-11,0,11,22,33,44
3300,-108,-87,-65,-54.6,-44,-33,-22,-11,0,11,22,33,44
3310,-108,-87,-65,-54.62,-44,-33,-22,-11,0,11,22,33,44
3320,-108,-87,-65,-54.64,-44,-33,-22,-11,0,11,22,33,44
3330,-108,-87,-65,-54.66,-44,-33,-22,-11,0,11,22,33,44
3340,-108,-87,-65,-54.68,-44,-33,-22,-11,0,11,22,33,44
3350,-108,-87,-65,-54.7,-44,-33,-22,-11,0,11,22,33,44
3360,-108,-87,-65,-54.72,-44,-33,-22,-11,0,11,22,33,44
3370,-108,-87,-65,-54.74,-44,-33,-22,-11,0,11,22,33,44
3380,-108,-87,-65,-54.76,-44,-33,-22,-11,0,11,22,33,44
3390,-108,-87,-65,-54.78,-44,-33,-22,-11,0,11,22,33,44
3400,-108,-87,-65,-54.8,-44,-33,-22,-11,0,11,22,33,44
3410,-108,-87,-65,-54.82,-44,-33,-22,-11,0,11,22,33,44
3420,-108,-87,-65,-54.84,-44,-33,-22,-11,0,11,22,33,44
3430,-108,-87,-65,-54.86,-44,-33,-22,-11,0,11,22,33,44
3440,-108,-87,-65,-54.88,-44,-33,-22,-11,0,11,22,33,44
3450,-108,-87,-65,-54.9,-44,-33,-22,-11,0,11,22,33,44
3460,-108,-87,-65,-54.92,-44,-33,-22,-11,0,11,22,33,44
3470,-108,-87,-65,-54.94,-44,-33,-22,-11,0,11,22,33,44
3480,-108,-87,-65,-54.96,-44,-33,-22,-11,0,11,22,33,44
3490,-108,-87,-65,-54.98,-44,-33,-22,-11,0,11,22,33,44
3500,-108,-87,-65,-55,-44,-33,-22,-11,0,11,22,33,44
3510,-108.02,-87,-65.02,-55,-44,-33,-22,-11,0,11,22,33,44
3520,-108.04,-87,-65.04,-55,-44,-33,-22,-11,0,11,22,33,44
3530,-108.06,-87,-65.06,-55,-44,-33,-22,-11,0,11,22,33,44
3540,-108.08,-87,-65.08,-55,-44,-33,-22,-11,0,11,22,33,44
3550,-108.1,-87,-65.1,-55,-44,-33,-22,-11,0,11,22,33,44
3560,-108.12,-87,-65.12,-55,-44,-33,-22,-11,0,11,22,33,44
3570,-108.14,-87,-65.14,-55,-44,-33,-22,-11,0,11,22,33,44
3580,-108.16,-87,-65.16,-55,-44,-33,-22,-11,0,11,22,33,44
3590,-108.18,-87,-65.18,-55,-44,-33,-22,-11,0,11,22,33,44
3600,-108.2,-87,-65.2,-55,-44,-33,-22,-11,0,11,22,33,44
3610,-108.22,-87,-65.22,-55,-44,-33,-22,-11,0,11,22,33,44
3620,-108.24,-87,-65.24,-55,-44,-33,-22,-11,0,11,22,33,44
3630,-108.26,-87,-65.26,-55,-44,-33,-22,-11,0,11,22,33,44
3640,-108.28,-87,-65.28,-55,-44,-33,-22,-11,0,11,22,33,44
3650,-108.3,-87,-65.3,-55,-44,-33,-22,-11,0,11,22,33,44
3660,-108.32,-87,-65.32,-55,-44,-33,-22,-11,0,11,22,33,44
3670,-108.34,-87,-65.34,-55,-44,-33,-22,-11,0,11,22,33,44
3680,-108.36,-87,-65.36,-55,-44,-33,-22,-11,0,11,22,33,44
3690,-108.38,-87,-65.38,-55,-44,-33,-22,-11,0,11,22,33,44
3700,-108.4,-87,-65.4,-55,-44,-33,-22,-11,0,11,22,33,44
3710,-108.42,-87,-65.42,-55,-44,-33,-22,-11,0,11,22,33,44
3720,-108.44,-87,-65.44,-55,-44,-33,-22,-11,0,11,22,33,44
3730,-108.46,-87,-65.46,-55,-44,-33,-22,-11,0,11,22,33,44
3740,-108.48,-87,-65.48,-55,-44,-33,-22,-11,0,11,22,33,44
3750,-108.5,-87,-65.5,-55,-44,-33,-22,-11,0,11,22,33,44
3760,-108.52,-87,-65.52,-55,-44,-33,-22,-11,0,11,22,33,44
3770,-108.54,-87,-65.54,-55,-44,-33,-22,-11,0,11,22,33,44
3780,-108.56,-87,-65.56,-55,-44,-33,-22,-11,0,11,22,33,44
3790,-108.58,-87,-65.58,-55,-44,-33,-22,-11,0,11,22,33,44
3800,-108.6,-87,-65.6,-55,-44,-33,-22,-11,0,11,22,33,44
3810,-108.62,-87,-65.62,-55,-44,-33,-22,-11,0,11,22,33,44
3820,-108.64,-87,-65.64,-55,-44,-33,-22,-11,0,11,22,33,44
3830,-108.66,-87,-65.66,-55,-44,-33,-22,-11,0,11,22,33,44
3840,-108.68,-87,-65.68,-55,-44,-33,-22,-11,0,11,22,33,44
3850,-108.7,-87,-65.7,-55,-44,-33,-22,-11,0,11,22,33,44
3860,-108.72,-87,-65.72,-55,-44,-33,-22,-11,0,11,22,33,44
3870,-108.74,-87,-65.74,-55,-44,-33,-22,-11,0,11,22,33,44
3880,-108.76,-87,-65.76,-55,-44,-33,-22,-11,0,11,22,33,44
3890,-108.78,-87,-65.78,-55,-44,-33,-22,-11,0,11,22,33,44
3900,-108.8,-87,-65.8,-55,-44,-33,-22,-11,0,11,22,33,44
3910,-108.82,-87,-65.82,-55,-44,-33,-22,-11,0,11,22,33,44
3920,-108.84,-87,-65.84,-55,-44,-33,-22,-11,0,11,22,33,44
3930,-108.86,-87,-65.86,-55,-44,-33,-22,-11,0,11,22,33,44
3940,-108.88,-87,-65.88,-55,-44,-33,-22,-11,0,11,22,33,44
3950,-108.9,-87,-65.9,-55,-44,-33,-22,-11,0,11,22,33,44
3960,-108.92,-87,-65.92,-55,-44,-33,-22,-11,0,11,22,33,44
3970,-108.94,-87,-65.94,-55,-44,-33,-22,-11,0,11,22,33,44
3980,-108.96,-87,-65.96,-55,-44,-33,-22,-11,0,11,22,33,44
3990,-108.98,-87,-65.98,-55,-44,-33,-22,-11,0,11,22,33,44
4000,-109,-87,-66,-55,-44,-33,-22,-11,0,11,22,33,44
4010,-109,-87,-66,-55,-44,-33,-22,-11,0,11,22,33,44
4020,-109,-87,-66,-55,-44,-33,-22,-11,0,11,22,33,44
4030,-109,-87,-66,-55,-44,-33,-22,-11,0,11,22,33,44
4040,-109,-87,-66,-55,-44,-33,-22,-11,0,11,22,33,44
4050,-109,-87,-66,-55,-44,-33,-22,-11,0,11,22,33,44
4060,-109,-87,-66,-55,-44,-33,-22,-11,0,11,22,33,44
4070,-109,-87,-66,-55,-44,-33,-22,-11,0,11,22,33,44
4080,-109,-87,-66,-55,-44,-33,-22,-11,0,11,22,33,44
4090,-109,-87,-66,-55,-44,-33,-22,-11,0,11,22,33,44
4100,-109,-87,-66,-55,-44,-33,-22,-11,0,11,22,33,44
4110,-109,-87,-66,-55,-44,-33,-22,-11,0,11,22,33,44
4120,-109,-87,-66,-55,-44,-33,-22,-11,0,11,22,33,44
4130,-109,-87,-66,-55,-44,-33,-22,-11,0,11,22,33,44
4140,-109,-87,-66,-55,-44,-33,-22,-11,0,11,22,33,44
4150,-109,-87,-66,-55,-44,-33,-22,-11,0,11,22,33,44
4160,-109,-87,-66,-55,-44,-33,-22,-11,0,11,22,33,44
4170,-109,-87,-66,-55,-44,-33,-22,-11,0,11,22,33,44
4180,-109,-87,-66,-55,-44,-33,-22,-11,0,11,22,33,44
4190,-109,-87,-66,-55,-44,-33,-22,-11,0,11,22,33,44
4200,-109,-87,-66,-55,-44,-33,-22,-11,0,11,22,33,44
4210,-109,-87,-66,-55,-44,-33,-22,-11,0,11,22,33,44
4220,-109,-87,-66,-55,-44,-33,-22,-11,0,11,22,33,44
4230,-109,-87,-66,-55,-44,-33,-22,-11,0,11,22,33,44
4240,-109,-87,-66,-55,-44,-33,-22,-11,0,11,22,33,44
4250,-109,-87,-66,-55,-44,-33,-22,-11,0,11,22,33,44
4260,-109,-87,-66,-55,-44,-33,-22,-11,0,11,22,33,44
4270,-109,-87,-66,-55,-44,-33,-22,-11,0,11,22,33,44
4280,-109,-87,-66,-55,-44,-33,-22,-11,0,11,22,33,44
4290,-109,-87,-66,-55,-44,-33,-22,-11,0,11,22,33,44
4300,-109,-87,-66,-55,-44,-33,-22,-11,0,11,22,33,44
4310,-109,-87,-66,-55,-44,-33,-22,-11,0,11,22,33,44
4320,-109,-87,-66,-55,-44,-33,-22,-11,0,11,22,33,44
4330,-109,-87,-66,-55,-44,-33,-22,-11,0,11,22,33,44
4340,-109,-87,-66,-55,-44,-33,-22,-11,0,11,22,33,44
4350,-109,-87,-66,-55,-44,-33,-22,-11,0,11,22,33,44
4360,-109,-87,-66,-55,-44,-33,-22,-11,0,11,22,33,44
4370,-109,-87,-66,-55,-44,-33,-22,-11,0,11,22,33,44
4380,-109,-87,-66,-55,-44,-33,-22,-11,0,11,22,33,44
4390,-109,-87,-66,-55,-44,-33,-22,-11,0,11,22,33,44
4400,-109,-87,-66,-55,-44,-33,-22,-11,0,11,22,33,44
4410,-109,-87,-66,-55,-44,-33,-22,-11,0,11,22,33,44
4420,-109,-87,-66,-55,-44,-33,-22,-11,0,11,22,33,44
4430,-109,-87,-66,-55,-44,-33,-22,-11,0,11,22,33,44
4440,-109,-87,-66,-55,-44,-33,-22,-11,0,11,22,33,44
4450,-109,-87,-66,-55,-44,-33,-22,-11,0,11,22,33,44
4460,-109,-87,-66,-55,-44,-33,-22,-11,0,11,22,33,44
4470,-109,-87,-66,-55,-44,-33,-22,-11,0,11,22,33,44
4480,-109,-87,-66,-55,-44,-33,-22,-11,0,11,22,33,44
4490,-109,-87,-66,-55,-44,-33,-22,-11,0,11,22,33,44
4500,-109,-87,-66,-55,-44,-33,-22,-11,0,11,22,33,44
4510,-109,-87.02,-66,-55,-44,-33,-22,-11,0,11,22,33,44
4520,-109,-87.04,-66,-55,-44,-33,-22,-11,0,11,22,33,44
4530,-109,-87.06,-66,-55,-44,-33,-22,-11,0,11,22,33,44
4540,-109,-87.08,-66,-55,-44,-33,-22,-11,0,11,22,33,44
4550,-109,-87.1,-66,-55,-44,-33,-22,-11,0,11,22,33,44
4560,-109,-87.12,-66,-55,-44,-33,-22,-11,0,11,22,33,44
4570,-109,-87.14,-66,-55,-44,-33,-22,-11,0,11,22,33,44
4580,-109,-87.16,-66,-55,-44,-33,-22,-11,0,11,22,33,44
4590,-109,-87.18,-66,-55,-44,-33,-22,-11,0,11,22,33,44
4600,-109,-87.2,-66,-55,-44,-33,-22,-11,0,11,22,33,44
4610,-109,-87.22,-66,-55,-44,-33,-22,-11,0,11,22,33,44
4620,-109,-87.24,-66,-55,-44,-33,-22,-11,0,11,22,33,44
4630,-109,-87.26,-66,-55,-44,-33,-22,-11,0,11,22,33,44
4640,-109,-87.28,-66,-55,-44,-33,-22,-11,0,11,22,33,44
4650,-109,-87.3,-66,-55,-44,-33,-22,-11,0,11,22,33,44
4660,-109,-87.32,-66,-55,-44,-33,-22,-11,0,11,22,33,44
4670,-109,-87.34,-66,-55,-44,-33,-22,-11,0,11,22,33,44
4680,-109,-87.36,-66,-55,-44,-33,-22,-11,0,11,22,33,44
4690,-109,-87.38,-66,-55,-44,-33,-22,-11,0,11,22,33,44
4700,-109,-87.4,-66,-55,-44,-33,-22,-11,0,11,22,33,44
4710,-109,-87.42,-66,-55,-44,-33,-22,-11,0,11,22,33,44
4720,-109,-87.44,-66,-55,-44,-33,-22,-11,0,11,22,33,44
4730,-109,-87.46,-66,-55,-44,-33,-22,-11,0,11,22,33,44
4740,-109,-87.48,-66,-55,-44,-33,-22,-11,0,11,22,33,44
4750,-109,-87.5,-66,-55,-44,-33,-22,-11,0,11,22,33,44
4760,-109,-87.52,-66,-55,-44,-33,-22,-11,0,11,22,33,44
4770,-109,-87.54,-66,-55,-44,-33,-22,-11,0,11,22,33,44
4780,-109,-87.56,-66,-55,-44,-33,-22,-11,0,11,22,33,44
4790,-109,-87.58,-66,-55,-44,-33,-22,-11,0,11,22,33,44
4800,-109,-87.6,-66,-55,-44,-33,-22,-11,0,11,22,33,44
4810,-109,-87.62,-66,-55,-44,-33,-22,-11,0,11,22,33,44
4820,-109,-87.64,-66,-55,-44,-33,-22,-11,0,11,22,33,44
4830,-109,-87.66,-66,-55,-44,-33,-22,-11,0,11,22,33,44
4840,-109,-87.68,-66,-55,-44,-33,-22,-11,0,11,22,33,44
4850,-109,-87.7,-66,-55,-44,-33,-22,-11,0,11,22,33,44
4860,-109,-87.72,-66,-55,-44,-33,-22,-11,0,11,22,33,44
4870,-109,-87.74,-66,-55,-44,-33,-22,-11,0,11,22,33,44
4880,-109,-87.76,-66,-55,-44,-33,-22,-11,0,11,22,33,44
4890,-109,-87.78,-66,-55,-44,-33,-22,-11,0,11,22,33,44
4900,-109,-87.8,-66,-55,-44,-33,-22,-11,0,11,22,33,44
4910,-109,-87.82,-66,-55,-44,-33,-22,-11,0,11,22,33,44
4920,-109,-87.84,-66,-55,-44,-33,-22,-11,0,11,22,33,44
4930,-109,-87.86,-66,-55,-44,-33,-22,-11,0,11,22,33,44
4940,-109,-87.88,-66,-55,-44,-33,-22,-11,0,11,22,33,44
4950,-109,-87.9,-66,-55,-44,-33,-22,-11,0,11,22,33,44
4960,-109,-87.92,-66,-55,-44,-33,-22,-11,0,11,22,33,44
4970,-109,-87.94,-66,-55,-44,-33,-22,-11,0,11,22,33,44
4980,-109,-87.96,-66,-55,-44,-33,-22,-11,0,11,22,33,44
4990,-109,-87.98,-66,-55,-44,-33,-22,-11,0,11,22,33,44
5000,-109,-88,-66,-55,-44,-33,-22,-11,0,11,22,33,44
5010,-109.02,-88,-66,-55,-44,-33,-22,-11,0,11,22,33,44
5020,-109.04,-88,-66,-55,-44,-33,-22,-11,0,11,22,33,44
5030,-109.06,-88,-66,-55,-44,-33,-22,-11,0,11,22,33,44
5040,-109.08,-88,-66,-55,-44,-33,-22,-11,0,11,22,33,44
5050,-109.1,-88,-66,-55,-44,-33,-22,-11,0,11,22,33,44
5060,-109.12,-88,-66,-55,-44,-33,-22,-11,0,11,22,33,44
5070,-109.14,-88,-66,-55,-44,-33,-22,-11,0,11,22,33,44
5080,-109.16,-88,-66,-55,-44,-33,-22,-11,0,11,22,33,44
5090,-109.18,-88,-66,-55,-44,-33,-22,-11,0,11,22,33,44
5100,-109.2,-88,-66,-55,-44,-33,-22,-11,0,11,22,33,44
5110,-109.22,-88,-66,-55,-44,-33,-22,-11,0,11,22,33,44
5120,-109.24,-88,-66,-55,-44,-33,-22,-11,0,11,22,33,44
5130,-109.26,-88,-66,-55,-44,-33,-22,-11,0,11,22,33,44
5140,-109.28,-88,-66,-55,-44,-33,-22,-11,0,11,22,33,44
5150,-109.3,-88,-66,-55,-44,-33,-22,-11,0,11,22,33,44
5160,-109.32,-88,-66,-55,-44,-33,-22,-11,0,11,22,33,44
5170,-109.34,-88,-66,-55,-44,-33,-22,-11,0,11,22,33,44
5180,-109.36,-88,-66,-55,-44,-33,-22,-11,0,11,22,33,44
5190,-109.38,-88,-66,-55,-44,-33,-22,-11,0,11,22,33,44
5200,-109.4,-88,-66,-55,-44,-33,-22,-11,0,11,22,33,44
5210,-109.42,-88,-66,-55,-44,-33,-22,-11,0,11,22,33,44
5220,-109.44,-88,-66,-55,-44,-33,-22,-11,0,11,22,33,44
5230,-109.46,-88,-66,-55,-44,-33,-22,-11,0,11,22,33,44
5240,-109.48,-88,-66,-55,-44,-33,-22,-11,0,11,22,33,44
5250,-109.5,-88,-66,-55,-44,-33,-22,-11,0,11,22,33,44
5260,-109.52,-88,-66,-55,-44,-33,-22,-11,0,11,22,33,44
5270,-109.54,-88,-66,-55,-44,-33,-22,-11,0,11,22,33,44
5280,-109.56,-88,-66,-55,-44,-33,-22,-11,0,11,22,33,44
5290,-109.58,-88,-66,-55,-44,-33,-22,-11,0,11,22,33,44
5300,-109.6,-88,-66,-55,-44,-33,-22,-11,0,11,22,33,44
5310,-109.62,-88,-66,-55,-44,-33,-22,-11,0,11,22,33,44
5320,-109.64,-88,-66,-55,-44,-33,-22,-11,0,11,22,33,44
5330,-109.66,-88,-66,-55,-44,-33,-22,-11,0,11,22,33,44
5340,-109.68,-88,-66,-55,-44,-33,-22,-11,0,11,22,33,44
5350,-109.7,-88,-66,-55,-44,-33,-22,-11,0,11,22,33,44
5360,-109.72,-88,-66,-55,-44,-33,-22,-11,0,11,22,33,44
5370,-109.74,-88,-66,-55,-44,-33,-22,-11,0,11,22,33,44
5380,-109.76,-88,-66,-55,-44,-33,-22,-11,0,11,22,33,44
5390,-109.78,-88,-66,-55,-44,-33,-22,-11,0,11,22,33,44
5400,-109.8,-88,-66,-55,-44,-33,-22,-11,0,11,22,33,44
5410,-109.82,-88,-66,-55,-44,-33,-22,-11,0,11,22,33,44
5420,-109.84,-88,-66,-55,-44,-33,-22,-11,0,11,22,33,44
5430,-109.86,-88,-66,-55,-44,-33,-22,-11,0,11,22,33,44
5440,-109.88,-88,-66,-55,-44,-33,-22,-11,0,11,22,33,44
5450,-109.9,-88,-66,-55,-44,-33,-22,-11,0,11,22,33,44
5460,-109.92,-88,-66,-55,-44,-33,-22,-11,0,11,22,33,44
5470,-109.94,-88,-66,-55,-44,-33,-22,-11,0,11,22,33,44
5480,-109.96,-88,-66,-55,-44,-33,-22,-11,0,11,22,33,44
5490,-109.98,-88,-66,-55,-44,-33,-22,-11,0,11,22,33,44
5500,-110,-88,-66,-55,-44,-33,-22,-11,0,11,22,33,44
5510,-110,-88,-66,-55,-44,-33,-22,-11,0,11,22,33,44
5520,-110,-88,-66,-55,-44,-33,-22,-11,0,11,22,33,44
5530,-110,-88,-66,-55,-44,-33,-22,-11,0,11,22,33,44
5540,-110,-88,-66,-55,-44,-33,-22,-11,0,11,22,33,44
5550,-110,-88,-66,-55,-44,-33,-22,-11,0,11,22,33,44
5560,-110,-88,-66,-55,-44,-33,-22,-11,0,11,22,33,44
5570,-110,-88,-66,-55,-44,-33,-22,-11,0,11,22,33,44
5580,-110,-88,-66,-55,-44,-33,-22,-11,0,11,22,33,44
5590,-110,-88,-66,-55,-44,-33,-22,-11,0,11,22,33,44
5600,-110,-88,-66,-55,-44,-33,-22,-11,0,11,22,33,44
5610,-110,-88,-66,-55,-44,-33,-22,-11,0,11,22,33,44
5620,-110,-88,-66,-55,-44,-33,-22,-11,0,11,22,33,44
5630,-110,-88,-66,-55,-44,-33,-22,-11,0,11,22,33,44
5640,-110,-88,-66,-55,-44,-33,-22,-11,0,11,22,33,44
5650,-110,-88,-66,-55,-44,-33,-22,-11,0,11,22,33,44
5660,-110,-88,-66,-55,-44,-33,-22,-11,0,11,22,33,44
5670,-110,-88,-66,-55,-44,-33,-22,-11,0,11,22,33,44
5680,-110,-88,-66,-55,-44,-33,-22,-11,0,11,22,33,44
5690,-110,-88,-66,-55,-44,-33,-22,-11,0,11,22,33,44
5700,-110,-88,-66,-55,-44,-33,-22,-11,0,11,22,33,44
5710,-110,-88,-66,-55,-44,-33,-22,-11,0,11,22,33,44
5720,-110,-88,-66,-55,-44,-33,-22,-11,0,11,22,33,44
5730,-110,-88,-66,-55,-44,-33,-22,-11,0,11,22,33,44
5740,-110,-88,-66,-55,-44,-33,-22,-11,0,11,22,33,44
5750,-110,-88,-66,-55,-44,-33,-22,-11,0,11,22,33,44
5760,-110,-88,-66,-55,-44,-33,-22,-11,0,11,22,33,44
5770,-110,-88,-66,-55,-44,-33,-22,-11,0,11,22,33,44
5780,-110,-88,-66,-55,-44,-33,-22,-11,0,11,22,33,44
5790,-110,-88,-66,-55,-44,-33,-22,-11,0,11,22,33,44
5800,-110,-88,-66,-55,-44,-33,-22,-11,0,11,22,33,44
5810,-110,-88,-66,-55,-44,-33,-22,-11,0,11,22,33,44
5820,-110,-88,-66,-55,-44,-33,-22,-11,0,11,22,33,44
5830,-110,-88,-66,-55,-44,-33,-22,-11,0,11,22,33,44
5840,-110,-88,-66,-55,-44,-33,-22,-11,0,11,22,33,44
5850,-110,-88,-66,-55,-44,-33,-22,-11,0,11,22,33,44
5860,-110,-88,-66,-55,-44,-33,-22,-11,0,11,22,33,44
5870,-110,-88,-66,-55,-44,-33,-22,-11,0,11,22,33,44
5880,-110,-88,-66,-55,-44,-33,-22,-11,0,11,22,33,44
5890,-110,-88,-66,-55,-44,-33,-22,-11,0,11,22,33,44
5900,-110,-88,-66,-55,-44,-33,-22,-11,0,11,22,33,44
5910,-110,-88,-66,-55,-44,-33,-22,-11,0,11,22,33,44
5920,-110,-88,-66,-55,-44,-33,-22,-11,0,11,22,33,44
5930,-110,-88,-66,-55,-44,-33,-22,-11,0,11,22,33,44
5940,-110,-88,-66,-55,-44,-33,-22,-11,0,11,22,33,44
5950,-110,-88,-66,-55,-44,-33,-22,-11,0,11,22,33,44
5960,-110,-88,-66,-55,-44,-33,-22,-11,0,11,22,33,44
5970,-110,-88,-66,-55,-44,-33,-22,-11,0,11,22,33,44
5980,-110,-88,-66,-55,-44,-33,-22,-11,0,11,22,33,44
5990,-110,-88,-66,-55,-44,-33,-22,-11,0,11,22,33,44
6000,-110,-88,-66,-55,-44,-33,-22,-11,0,11,22,33,44
6010,-110,-88,-66,-55,-44,-33,-22,-11,0,11,22,33,44
6020,-110,-88,-66,-55,-44,-33,-22,-11,0,11,22,33,44
6030,-110,-88,-66,-55,-44,-33,-22,-11,0,11,22,33,44
6040,-110,-88,-66,-55,-44,-33,-22,-11,0,11,22,33,44
6050,-110,-88,-66,-55,-44,-33,-22,-11,0,11,22,33,44
6060,-110,-88,-66,-55,-44,-33,-22,-11,0,11,22,33,44
6070,-110,-88,-66,-55,-44,-33,-22,-11,0,11,22,33,44
6080,-110,-88,-66,-55,-44,-33,-22,-11,0,11,22,33,44
6090,-110,-88,-66,-55,-44,-33,-22,-11,0,11,22,33,44
6100,-110,-88,-66,-55,-44,-33,-22,-11,0,11,22,33,44
6110,-110,-88,-66,-55,-44,-33,-22,-11,0,11,22,33,44
6120,-110,-88,-66,-55,-44,-33,-22,-11,0,11,22,33,44
6130,-110,-88,-66,-55,-44,-33,-22,-11,0,11,22,33,44
6140,-110,-88,-66,-55,-44,-33,-22,-11,0,11,22,33,44
6150,-110,-88,-66,-55,-44,-33,-22,-11,0,11,22,33,44
6160,-110,-88,-66,-55,-44,-33,-22,-11,0,11,22,33,44
6170,-110,-88,-66,-55,-44,-33,-22,-11,0,11,22,33,44
6180,-110,-88,-66,-55,-44,-33,-22,-11,0,11,22,33,44
6190,-110,-88,-66,-55,-44,-33,-22,-11,0,11,22,33,44
6200,-110,-88,-66,-55,-44,-33,-22,-11,0,11,22,33,44
6210,-110,-88,-66,-55,-44,-33,-22,-11,0,11,22,33,44
6220,-110,-88,-66,-55,-44,-33,-22,-11,0,11,22,33,44
6230,-110,-88,-66,-55,-44,-33,-22,-11,0,11,22,33,44
6240,-110,-88,-66,-55,-44,-33,-22,-11,0,11,22,33,44
6250,-110,-88,-66,-55,-44,-33,-22,-11,0,11,22,33,44
6260,-110,-88,-66,-55,-44,-33,-22,-11,0,11,22,33,44
6270,-110,-88,-66,-55,-44,-33,-22,-11,0,11,22,33,44
6280,-110,-88,-66,-55,-44,-33,-22,-11,0,11,22,33,44
6290,-110,-88,-66,-55,-44,-33,-22,-11,0,11,22,33,44
6300,-110,-88,-66,-55,-44,-33,-22,-11,0,11,22,33,44
6310,-110,-88,-66,-55,-44,-33,-22,-11,0,11,22,33,44
6320,-110,-88,-66,-55,-44,-33,-22,-11,0,11,22,33,44
6330,-110,-88,-66,-55,-44,-33,-22,-11,0,11,22,33,44
6340,-110,-88,-66,-55,-44,-33,-22,-11,0,11,22,33,44
6350,-110,-88,-66,-55,-44,-33,-22,-11,0,11,22,33,44
6360,-110,-88,-66,-55,-44,-33,-22,-11,0,11,22,33,44
6370,-110,-88,-66,-55,-44,-33,-22,-11,0,11,22,33,44
6380,-110,-88,-66,-55,-44,-33,-22,-11,0,11,22,33,44
6390,-110,-88,-66,-55,-44,-33,-22,-11,0,11,22,33,44
6400,-110,-88,-66,-55,-44,-33,-22,-11,0,11,22,33,44
6410,-110,-88,-66,-55,-44,-33,-22,-11,0,11,22,33,44
6420,-110,-88,-66,-55,-44,-33,-22,-11,0,11,22,33,44
6430,-110,-88,-66,-55,-44,-33,-22,-11,0,11,22,33,44
6440,-110,-88,-66,-55,-44,-33,-22,-11,0,11,22,33,44
6450,-110,-88,-66,-55,-44,-33,-22,-11,0,11,22,33,44
6460,-110,-88,-66,-55,-44,-33,-22,-11,0,11,22,33,44
6470,-110,-88,-66,-55,-44,-33,-22,-11,0,11,22,33,44
6480,-110,-88,-66,-55,-44,-33,-22,-11,0,11,22,33,44
6490,-110,-88,-66,-55,-44,-33,-22,-11,0,11,22,33,44
6500,-110,-88,-66,-55,-44,-33,-22,-11,0,11,22,33,44
6510,-110,-88,-66,-55,-44,-33,-22,-11,0,11,22,33,44
6520,-110,-88,-66,-55,-44,-33,-22,-11,0,11,22,33,44
6530,-110,-88,-66,-55,-44,-33,-22,-11,0,11,22,33,44
6540,-110,-88,-66,-55,-44,-33,-22,-11,0,11,22,33,44
6550,-110,-88,-66,-55,-44,-33,-22,-11,0,11,22,33,44
6560,-110,-88,-66,-55,-44,-33,-22,-11,0,11,22,33,44
6570,-110,-88,-66,-55,-44,-33,-22,-11,0,11,22,33,44
6580,-110,-88,-66,-55,-44,-33,-22,-11,0,11,22,33,44
6590,-110,-88,-66,-55,-44,-33,-22,-11,0,11,22,33,44
6600,-110,-88,-66,-55,-44,-33,-22,-11,0,11,22,33,44
6610,-110,-88,-66,-55,-44,-33,-22,-11,0,11,22,33,44
6620,-110,-88,-66,-55,-44,-33,-22,-11,0,11,22,33,44
6630,-110,-88,-66,-55,-44,-33,-22,-11,0,11,22,33,44
6640,-110,-88,-66,-55,-44,-33,-22,-11,0,11,22,33,44
6650,-110,-88,-66,-55,-44,-33,-22,-11,0,11,22,33,44
6660,-110,-88,-66,-55,-44,-33,-22,-11,0,11,22,33,44
6670,-110,-88,-66,-55,-44,-33,-22,-11,0,11,22,33,44
6680,-110,-88,-66,-55,-44,-33,-22,-11,0,11,22,33,44
6690,-110,-88,-66,-55,-44,-33,-22,-11,0,11,22,33,44
6700,-110,-88,-66,-55,-44,-33,-22,-11,0,11,22,33,44
6710,-110,-88,-66,-55,-44,-33,-22,-11,0,11,22,33,44
6720,-110,-88,-66,-55,-44,-33,-22,-11,0,11,22,33,44
6730,-110,-88,-66,-55,-44,-33,-22,-11,0,11,22,33,44
6740,-110,-88,-66,-55,-44,-33,-22,-11,0,11,22,33,44
6750,-110,-88,-66,-55,-44,-33,-22,-11,0,11,22,33,44
6760,-110,-88,-66,-55,-44,-33,-22,-11,0,11,22,33,44
6770,-110,-88,-66,-55,-44,-33,-22,-11,0,11,22,33,44
6780,-110,-88,-66,-55,-44,-33,-22,-11,0,11,22,33,44
6790,-110,-88,-66,-55,-44,-33,-22,-11,0,11,22,33,44
6800,-110,-88,-66,-55,-44,-33,-22,-11,0,11,22,33,44
6810,-110,-88,-66,-55,-44,-33,-22,-11,0,11,22,33,44
6820,-110,-88,-66,-55,-44,-33,-22,-11,0,11,22,33,44
6830,-110,-88,-66,-55,-44,-33,-22,-11,0,11,22,33,44
6840,-110,-88,-66,-55,-44,-33,-22,-11,0,11,22,33,44
6850,-110,-88,-66,-55,-44,-33,-22,-11,0,11,22,33,44
6860,-110,-88,-66,-55,-44,-33,-22,-11,0,11,22,33,44
6870,-110,-88,-66,-55,-44,-33,-22,-11,0,11,22,33,44
6880,-110,-88,-66,-55,-44,-33,-22,-11,0,11,22,33,44
6890,-110,-88,-66,-55,-44,-33,-22,-11,0,11,22,33,44
6900,-110,-88,-66,-55,-44,-33,-22,-11,0,11,22,33,44
6910,-110,-88,-66,-55,-44,-33,-22,-11,0,11,22,33,44
6920,-110,-88,-66,-55,-44,-33,-22,-11,0,11,22,33,44
6930,-110,-88,-66,-55,-44,-33,-22,-11,0,11,22,33,44
6940,-110,-88,-66,-55,-44,-33,-22,-11,0,11,22,33,44
6950,-110,-88,-66,-55,-44,-33,-22,-11,0,11,22,33,44
6960,-110,-88,-66,-55,-44,-33,-22,-11,0,11,22,33,44
6970,-110,-88,-66,-55,-44,-33,-22,-11,0,11,22,33,44
6980,-110,-88,-66,-55,-44,-33,-22,-11,0,11,22,33,44
6990,-110,-88,-66,-55,-44,-33,-22,-11,0,11,22,33,44
7000,-110,-88,-66,-55,-44,-33,-22,-11,0,11,22,33,44
7010,-110.02,-88,-66,-55,-44,-33,-22,-11,0,11,22,33,44
7020,-110.04,-88,-66,-55,-44,-33,-22,-11,0,11,22,33,44
7030,-110.06,-88,-66,-55,-44,-33,-22,-11,0,11,22,33,44
7040,-110.08,-88,-66,-55,-44,-33,-22,-11,0,11,22,33,44
7050,-110.1,-88,-66,-55,-44,-33,-22,-11,0,11,22,33,44
7060,-110.12,-88,-66,-55,-44,-33,-22,-11,0,11,22,33,44
7070,-110.14,-88,-66,-55,-44,-33,-22,-11,0,11,22,33,44
7080,-110.16,-88,-66,-55,-44,-33,-22,-11,0,11,22,33,44
7090,-110.18,-88,-66,-55,-44,-33,-22,-11,0,11,22,33,44
7100,-110.2,-88,-66,-55,-44,-33,-22,-11,0,11,22,33,44
7110,-110.22,-88,-66,-55,-44,-33,-22,-11,0,11,22,33,44
7120,-110.24,-88,-66,-55,-44,-33,-22,-11,0,11,22,33,44
7130,-110.26,-88,-66,-55,-44,-33,-22,-11,0,11,22,33,44
7140,-110.28,-88,-66,-55,-44,-33,-22,-11,0,11,22,33,44
7150,-110.3,-88,-66,-55,-44,-33,-22,-11,0,11,22,33,44
7160,-110.32,-88,-66,-55,-44,-33,-22,-11,0,11,22,33,44
7170,-110.34,-88,-66,-55,-44,-33,-22,-11,0,11,22,33,44
7180,-110.36,-88,-66,-55,-44,-33,-22,-11,0,11,22,33,44
7190,-110.38,-88,-66,-55,-44,-33,-22,-11,0,11,22,33,44
7200,-110.4,-88,-66,-55,-44,-33,-22,-11,0,11,22,33,44
7210,-110.42,-88,-66,-55,-44,-33,-22,-11,0,11,22,33,44
7220,-110.44,-88,-66,-55,-44,-33,-22,-11,0,11,22,33,44
7230,-110.46,-88,-66,-55,-44,-33,-22,-11,0,11,22,33,44
7240,-110.48,-88,-66,-55,-44,-33,-22,-11,0,11,22,33,44
7250,-110.5,-88,-66,-55,-44,-33,-22,-11,0,11,22,33,44
7260,-110.52,-88,-66,-55,-44,-33,-22,-11,0,11,22,33,44
7270,-110.54,-88,-66,-55,-44,-33,-22,-11,0,11,22,33,44
7280,-110.56,-88,-66,-55,-44,-33,-22,-11,0,11,22,33,44
7290,-110.58,-88,-66,-55,-44,-33,-22,-11,0,11,22,33,44
7300,-110.6,-88,-66,-55,-44,-33,-22,-11,0,11,22,33,44
7310,-110.62,-88,-66,-55,-44,-33,-22,-11,0,11,22,33,44
7320,-110.64,-88,-66,-55,-44,-33,-22,-11,0,11,22,33,44
7330,-110.66,-88,-66,-55,-44,-33,-22,-11,0,11,22,33,44
7340,-110.68,-88,-66,-55,-44,-33,-22,-11,0,11,22,33,44
7350,-110.7,-88,-66,-55,-44,-33,-22,-11,0,11,22,33,44
7360,-110.72,-88,-66,-55,-44,-33,-22,-11,0,11,22,33,44
7370,-110.74,-88,-66,-55,-44,-33,-22,-11,0,11,22,33,44
7380,-110.76,-88,-66,-55,-44,-33,-22,-11,0,11,22,33,44
7390,-110.78,-88,-66,-55,-44,-33,-22,-11,0,11,22,33,44
7400,-110.8,-88,-66,-55,-44,-33,-22,-11,0,11,22,33,44
7410,-110.82,-88,-66,-55,-44,-33,-22,-11,0,11,22,33,44
7420,-110.84,-88,-66,-55,-44,-33,-22,-11,0,11,22,33,44
7430,-110.86,-88,-66,-55,-44,-33,-22,-11,0,11,22,33,44
7440,-110.88,-88,-66,-55,-44,-33,-22,-11,0,11,22,33,44
7450,-110.9,-88,-66,-55,-44,-33,-22,-11,0,11,22,33,44
7460,-110.92,-88,-66,-55,-44,-33,-22,-11,0,11,22,33,44
7470,-110.94,-88,-66,-55,-44,-33,-22,-11,0,11,22,33,44
7480,-110.96,-88,-66,-55,-44,-33,-22,-11,0,11,22,33,44
7490,-110.98,-88,-66,-55,-44,-33,-22,-11,0,11,22,33,44
7500,-111,-88,-66,-55,-44,-33,-22,-11,0,11,22,33,44
7510,-111,-88.02,-66,-55,-44,-33,-22,-11,0,11,22,33,44
7520,-111,-88.04,-66,-55,-44,-33,-22,-11,0,11,22,33,44
7530,-111,-88.06,-66,-55,-44,-33,-22,-11,0,11,22,33,44
7540,-111,-88.08,-66,-55,-44,-33,-22,-11,0,11,22,33,44
7550,-111,-88.1,-66,-55,-44,-33,-22,-11,0,11,22,33,44
7560,-111,-88.12,-66,-55,-44,-33,-22,-11,0,11,22,33,44
7570,-111,-88.14,-66,-55,-44,-33,-22,-11,0,11,22,33,44
7580,-111,-88.16,-66,-55,-44,-33,-22,-11,0,11,22,33,44
7590,-111,-88.18,-66,-55,-44,-33,-22,-11,0,11,22,33,44
7600,-111,-88.2,-66,-55,-44,-33,-22,-11,0,11,22,33,44
7610,-111,-88.22,-66,-55,-44,-33,-22,-11,0,11,22,33,44
7620,-111,-88.24,-66,-55,-44,-33,-22,-11,0,11,22,33,44
7630,-111,-88.26,-66,-55,-44,-33,-22,-11,0,11,22,33,44
7640,-111,-88.28,-66,-55,-44,-33,-22,-11,0,11,22,33,44
7650,-111,-88.3,-66,-55,-44,-33,-22,-11,0,11,22,33,44
7660,-111,-88.32,-66,-55,-44,-33,-22,-11,0,11,22,33,44
7670,-111,-88.34,-66,-55,-44,-33,-22,-11,0,11,22,33,44
7680,-111,-88.36,-66,-55,-44,-33,-22,-11,0,11,22,33,44
7690,-111,-88.38,-66,-55,-44,-33,-22,-11,0,11,22,33,44
7700,-111,-88.4,-66,-55,-44,-33,-22,-11,0,11,22,33,44
7710,-111,-88.42,-66,-55,-44,-33,-22,-11,0,11,22,33,44
7720,-111,-88.44,-66,-55,-44,-33,-22,-11,0,11,22,33,44
7730,-111,-88.46,-66,-55,-44,-33,-22,-11,0,11,22,33,44
7740,-111,-88.48,-66,-55,-44,-33,-22,-11,0,11,22,33,44
7750,-111,-88.5,-66,-55,-44,-33,-22,-11,0,11,22,33,44
7760,-111,-88.52,-66,-55,-44,-33,-22,-11,0,11,22,33,44
7770,-111,-88.54,-66,-55,-44,-33,-22,-11,0,11,22,33,44
7780,-111,-88.56,-66,-55,-44,-33,-22,-11,0,11,22,33,44
7790,-111,-88.58,-66,-55,-44,-33,-22,-11,0,11,22,33,44
7800,-111,-88.6,-66,-55,-44,-33,-22,-11,0,11,22,33,44
7810,-111,-88.62,-66,-55,-44,-33,-22,-11,0,11,22,33,44
7820,-111,-88.64,-66,-55,-44,-33,-22,-11,0,11,22,33,44
7830,-111,-88.66,-66,-55,-44,-33,-22,-11,0,11,22,33,44
7840,-111,-88.68,-66,-55,-44,-33,-22,-11,0,11,22,33,44
7850,-111,-88.7,-66,-55,-44,-33,-22,-11,0,11,22,33,44
7860,-111,-88.72,-66,-55,-44,-33,-22,-11,0,11,22,33,44
7870,-111,-88.74,-66,-55,-44,-33,-22,-11,0,11,22,33,44
7880,-111,-88.76,-66,-55,-44,-33,-22,-11,0,11,22,33,44
7890,-111,-88.78,-66,-55,-44,-33,-22,-11,0,11,22,33,44
7900,-111,-88.8,-66,-55,-44,-33,-22,-11,0,11,22,33,44
7910,-111,-88.82,-66,-55,-44,-33,-22,-11,0,11,22,33,44
7920,-111,-88.84,-66,-55,-44,-33,-22,-11,0,11,22,33,44
7930,-111,-88.86,-66,-55,-44,-33,-22,-11,0,11,22,33,44
7940,-111,-88.88,-66,-55,-44,-33,-22,-11,0,11,22,33,44
7950,-111,-88.9,-66,-55,-44,-33,-22,-11,0,11,22,33,44
7960,-111,-88.92,-66,-55,-44,-33,-22,-11,0,11,22,33,44
7970,-111,-88.94,-66,-55,-44,-33,-22,-11,0,11,22,33,44
7980,-111,-88.96,-66,-55,-44,-33,-22,-11,0,11,22,33,44
7990,-111,-88.98,-66,-55,-44,-33,-22,-11,0,11,22,33,44
8000,-111,-89,-66,-55,-44,-33,-22,-11,0,11,22,33,44
8010,-111,-89,-66,-55,-44,-33,-22,-11,0,11,22,33,44
8020,-111,-89,-66,-55,-44,-33,-22,-11,0,11,22,33,44
8030,-111,-89,-66,-55,-44,-33,-22,-11,0,11,22,33,44
8040,-111,-89,-66,-55,-44,-33,-22,-11,0,11,22,33,44
8050,-111,-89,-66,-55,-44,-33,-22,-11,0,11,22,33,44
8060,-111,-89,-66,-55,-44,-33,-22,-11,0,11,22,33,44
8070,-111,-89,-66,-55,-44,-33,-22,-11,0,11,22,33,44
8080,-111,-89,-66,-55,-44,-33,-22,-11,0,11,22,33,44
8090,-111,-89,-66,-55,-44,-33,-22,-11,0,11,22,33,44
8100,-111,-89,-66,-55,-44,-33,-22,-11,0,11,22,33,44
8110,-111,-89,-66,-55,-44,-33,-22,-11,0,11,22,33,44
8120,-111,-89,-66,-55,-44,-33,-22,-11,0,11,22,33,44
8130,-111,-89,-66,-55,-44,-33,-22,-11,0,11,22,33,44
8140,-111,-89,-66,-55,-44,-33,-22,-11,0,11,22,33,44
8150,-111,-89,-66,-55,-44,-33,-22,-11,0,11,22,33,44
8160,-111,-89,-66,-55,-44,-33,-22,-11,0,11,22,33,44
8170,-111,-89,-66,-55,-44,-33,-22,-11,0,11,22,33,44
8180,-111,-89,-66,-55,-44,-33,-22,-11,0,11,22,33,44
8190,-111,-89,-66,-55,-44,-33,-22,-11,0,11,22,33,44
8200,-111,-89,-66,-55,-44,-33,-22,-11,0,11,22,33,44
8210,-111,-89,-66,-55,-44,-33,-22,-11,0,11,22,33,44
8220,-111,-89,-66,-55,-44,-33,-22,-11,0,11,22,33,44
8230,-111,-89,-66,-55,-44,-33,-22,-11,0,11,22,33,44
8240,-111,-89,-66,-55,-44,-33,-22,-11,0,11,22,33,44
8250,-111,-89,-66,-55,-44,-33,-22,-11,0,11,22,33,44
8260,-111,-89,-66,-55,-44,-33,-22,-11,0,11,22,33,44
8270,-111,-89,-66,-55,-44,-33,-22,-11,0,11,22,33,44
8280,-111,-89,-66,-55,-44,-33,-22,-11,0,11,22,33,44
8290,-111,-89,-66,-55,-44,-33,-22,-11,0,11,22,33,44
8300,-111,-89,-66,-55,-44,-33,-22,-11,0,11,22,33,44
8310,-111,-89,-66,-55,-44,-33,-22,-11,0,11,22,33,44
8320,-111,-89,-66,-55,-44,-33,-22,-11,0,11,22,33,44
8330,-111,-89,-66,-55,-44,-33,-22,-11,0,11,22,33,44
8340,-111,-89,-66,-55,-44,-33,-22,-11,0,11,22,33,44
8350,-111,-89,-66,-55,-44,-33,-22,-11,0,11,22,33,44
8360,-111,-89,-66,-55,-44,-33,-22,-11,0,11,22,33,44
8370,-111,-89,-66,-55,-44,-33,-22,-11,0,11,22,33,44
8380,-111,-89,-66,-55,-44,-33,-22,-11,0,11,22,33,44
8390,-111,-89,-66,-55,-44,-33,-22,-11,0,11,22,33,44
8400,-111,-89,-66,-55,-44,-33,-22,-11,0,11,22,33,44
8410,-111,-89,-66,-55,-44,-33,-22,-11,0,11,22,33,44
8420,-111,-89,-66,-55,-44,-33,-22,-11,0,11,22,33,44
8430,-111,-89,-66,-55,-44,-33,-22,-11,0,11,22,33,44
8440,-111,-89,-66,-55,-44,-33,-22,-11,0,11,22,33,44
8450,-111,-89,-66,-55,-44,-33,-22,-11,0,11,22,33,44
8460,-111,-89,-66,-55,-44,-33,-22,-11,0,11,22,33,44
8470,-111,-89,-66,-55,-44,-33,-22,-11,0,11,22,33,44
8480,-111,-89,-66,-55,-44,-33,-22,-11,0,11,22,33,44
8490,-111,-89,-66,-55,-44,-33,-22,-11,0,11,22,33,44
8500,-111,-89,-66,-55,-44,-33,-22,-11,0,11,22,33,44
8510,-111.02,-89,-66.02,-55,-44,-33,-22,-11,0,11,22,33,44
8520,-111.04,-89,-66.04,-55,-44,-33,-22,-11,0,11,22,33,44
8530,-111.06,-89,-66.06,-55,-44,-33,-22,-11,0,11,22,33,44
8540,-111.08,-89,-66.08,-55,-44,-33,-22,-11,0,11,22,33,44
8550,-111.1,-89,-66.1,-55,-44,-33,-22,-11,0,11,22,33,44
8560,-111.12,-89,-66.12,-55,-44,-33,-22,-11,0,11,22,33,44
8570,-111.14,-89,-66.14,-55,-44,-33,-22,-11,0,11,22,33,44
8580,-111.16,-89,-66.16,-55,-44,-33,-22,-11,0,11,22,33,44
8590,-111.18,-89,-66.18,-55,-44,-33,-22,-11,0,11,22,33,44
8600,-111.2,-89,-66.2,-55,-44,-33,-22,-11,0,11,22,33,44
8610,-111.22,-89,-66.22,-55,-44,-33,-22,-11,0,11,22,33,44
8620,-111.24,-89,-66.24,-55,-44,-33,-22,-11,0,11,22,33,44
8630,-111.26,-89,-66.26,-55,-44,-33,-22,-11,0,11,22,33,44
8640,-111.28,-89,-66.28,-55,-44,-33,-22,-11,0,11,22,33,44
8650,-111.3,-89,-66.3,-55,-44,-33,-22,-11,0,11,22,33,44
8660,-111.32,-89,-66.32,-55,-44,-33,-22,-11,0,11,22,33,44
8670,-111.34,-89,-66.34,-55,-44,-33,-22,-11,0,11,22,33,44
8680,-111.36,-89,-66.36,-55,-44,-33,-22,-11,0,11,22,33,44
8690,-111.38,-89,-66.38,-55,-44,-33,-22,-11,0,11,22,33,44
8700,-111.4,-89,-66.4,-55,-44,-33,-22,-11,0,11,22,33,44
8710,-111.42,-89,-66.42,-55,-44,-33,-22,-11,0,11,22,33,44
8720,-111.44,-89,-66.44,-55,-44,-33,-22,-11,0,11,22,33,44
8730,-111.46,-89,-66.46,-55,-44,-33,-22,-11,0,11,22,33,44
8740,-111.48,-89,-66.48,-55,-44,-33,-22,-11,0,11,22,33,44
8750,-111.5,-89,-66.5,-55,-44,-33,-22,-11,0,11,22,33,44
8760,-111.52,-89,-66.52,-55,-44,-33,-22,-11,0,11,22,33,44
8770,-111.54,-89,-66.54,-55,-44,-33,-22,-11,0,11,22,33,44
8780,-111.56,-89,-66.56,-55,-44,-33,-22,-11,0,11,22,33,44
8790,-111.58,-89,-66.58,-55,-44,-33,-22,-11,0,11,22,33,44
8800,-111.6,-89,-66.6,-55,-44,-33,-22,-11,0,11,22,33,44
8810,-111.62,-89,-66.62,-55,-44,-33,-22,-11,0,11,22,33,44
8820,-111.64,-89,-66.64,-55,-44,-33,-22,-11,0,11,22,33,44
8830,-111.66,-89,-66.66,-55,-44,-33,-22,-11,0,11,22,33,44
8840,-111.68,-89,-66.68,-55,-44,-33,-22,-11,0,11,22,33,44
8850,-111.7,-89,-66.7,-55,-44,-33,-22,-11,0,11,22,33,44
8860,-111.72,-89,-66.72,-55,-44,-33,-22,-11,0,11,22,33,44
8870,-111.74,-89,-66.74,-55,-44,-33,-22,-11,0,11,22,33,44
8880,-111.76,-89,-66.76,-55,-44,-33,-22,-11,0,11,22,33,44
8890,-111.78,-89,-66.78,-55,-44,-33,-22,-11,0,11,22,33,44
8900,-111.8,-89,-66.8,-55,-44,-33,-22,-11,0,11,22,33,44
8910,-111.82,-89,-66.82,-55,-44,-33,-22,-11,0,11,22,33,44
8920,-111.84,-89,-66.84,-55,-44,-33,-22,-11,0,11,22,33,44
8930,-111.86,-89,-66.86,-55,-44,-33,-22,-11,0,11,22,33,44
8940,-111.88,-89,-66.88,-55,-44,-33,-22,-11,0,11,22,33,44
8950,-111.9,-89,-66.9,-55,-44,-33,-22,-11,0,11,22,33,44
8960,-111.92,-89,-66.92,-55,-44,-33,-22,-11,0,11,22,33,44
8970,-111.94,-89,-66.94,-55,-44,-33,-22,-11,0,11,22,33,44
8980,-111.96,-89,-66.96,-55,-44,-33,-22,-11,0,11,22,33,44
8990,-111.98,-89,-66.98,-55,-44,-33,-22,-11,0,11,22,33,44
9000,-112,-89,-67,-55,-44,-33,-22,-11,0,11,22,33,44
9010,-112,-89,-67,-55.02,-44,-33,-22,-11,0,11,22,33,44
9020,-112,-89,-67,-55.04,-44,-33,-22,-11,0,11,22,33,44
9030,-112,-89,-67,-55.06,-44,-33,-22,-11,0,11,22,33,44
9040,-112,-89,-67,-55.08,-44,-33,-22,-11,0,11,22,33,44
9050,-112,-89,-67,-55.1,-44,-33,-22,-11,0,11,22,33,44
9060,-112,-89,-67,-55.12,-44,-33,-22,-11,0,11,22,33,44
9070,-112,-89,-67,-55.14,-44,-33,-22,-11,0,11,22,33,44
9080,-112,-89,-67,-55.16,-44,-33,-22,-11,0,11,22,33,44
9090,-112,-89,-67,-55.18,-44,-33,-22,-11,0,11,22,33,44
9100,-112,-89,-67,-55.2,-44,-33,-22,-11,0,11,22,33,44
9110,-112,-89,-67,-55.22,-44,-33,-22,-11,0,11,22,33,44
9120,-112,-89,-67,-55.24,-44,-33,-22,-11,0,11,22,33,44
9130,-112,-89,-67,-55.26,-44,-33,-22,-11,0,11,22,33,44
9140,-112,-89,-67,-55.28,-44,-33,-22,-11,0,11,22,33,44
9150,-112,-89,-67,-55.3,-44,-33,-22,-11,0,11,22,33,44
9160,-112,-89,-67,-55.32,-44,-33,-22,-11,0,11,22,33,44
9170,-112,-89,-67,-55.34,-44,-33,-22,-11,0,11,22,33,44
9180,-112,-89,-67,-55.36,-44,-33,-22,-11,0,11,22,33,44
9190,-112,-89,-67,-55.38,-44,-33,-22,-11,0,11,22,33,44
9200,-112,-89,-67,-55.4,-44,-33,-22,-11,0,11,22,33,44
9210,-112,-89,-67,-55.42,-44,-33,-22,-11,0,11,22,33,44
9220,-112,-89,-67,-55.44,-44,-33,-22,-11,0,11,22,33,44
9230,-112,-89,-67,-55.46,-44,-33,-22,-11,0,11,22,33,44
9240,-112,-89,-67,-55.48,-44,-33,-22,-11,0,11,22,33,44
9250,-112,-89,-67,-55.5,-44,-33,-22,-11,0,11,22,33,44
9260,-112,-89,-67,-55.52,-44,-33,-22,-11,0,11,22,33,44
9270,-112,-89,-67,-55.54,-44,-33,-22,-11,0,11,22,33,44
9280,-112,-89,-67,-55.56,-44,-33,-22,-11,0,11,22,33,44
9290,-112,-89,-67,-55.58,-44,-33,-22,-11,0,11,22,33,44
9300,-112,-89,-67,-55.6,-44,-33,-22,-11,0,11,22,33,44
9310,-112,-89,-67,-55.62,-44,-33,-22,-11,0,11,22,33,44
9320,-112,-89,-67,-55.64,-44,-33,-22,-11,0,11,22,33,44
9330,-112,-89,-67,-55.66,-44,-33,-22,-11,0,11,22,33,44
9340,-112,-89,-67,-55.68,-44,-33,-22,-11,0,11,22,33,44
9350,-112,-89,-67,-55.7,-44,-33,-22,-11,0,11,22,33,44
9360,-112,-89,-67,-55.72,-44,-33,-22,-11,0,11,22,33,44
9370,-112,-89,-67,-55.74,-44,-33,-22,-11,0,11,22,33,44
9380,-112,-89,-67,-55.76,-44,-33,-22,-11,0,11,22,33,44
9390,-112,-89,-67,-55.78,-44,-33,-22,-11,0,11,22,33,44
9400,-112,-89,-67,-55.8,-44,-33,-22,-11,0,11,22,33,44
9410,-112,-89,-67,-55.82,-44,-33,-22,-11,0,11,22,33,44
9420,-112,-89,-67,-55.84,-44,-33,-22,-11,0,11,22,33,44
9430,-112,-89,-67,-55.86,-44,-33,-22,-11,0,11,22,33,44
9440,-112,-89,-67,-55.88,-44,-33,-22,-11,0,11,22,33,44
9450,-112,-89,-67,-55.9,-44,-33,-22,-11,0,11,22,33,44
9460,-112,-89,-67,-55.92,-44,-33,-22,-11,0,11,22,33,44
9470,-112,-89,-67,-55.94,-44,-33,-22,-11,0,11,22,33,44
9480,-112,-89,-67,-55.96,-44,-33,-22,-11,0,11,22,33,44
9490,-112,-89,-67,-55.98,-44,-33,-22,-11,0,11,22,33,44
9500,-112,-89,-67,-56,-44,-33,-22,-11,0,11,22,33,44
9510,-112.02,-89.02,-67,-56,-44,-33,-22,-11,0,11,22,33,43.98
9520,-112.04,-89.04,-67,-56,-44,-33,-22,-11,0,11,22,33,43.96
9530,-112.06,-89.06,-67,-56,-44,-33,-22,-11,0,11,22,33,43.94
9540,-112.08,-89.08,-67,-56,-44,-33,-22,-11,0,11,22,33,43.92
9550,-112.1,-89.1,-67,-56,-44,-33,-22,-11,0,11,22,33,43.9
9560,-112.12,-89.12,-67,-56,-44,-33,-22,-11,0,11,22,33,43.88
9570,-112.14,-89.14,-67,-56,-44,-33,-22,-11,0,11,22,33,43.86
9580,-112.16,-89.16,-67,-56,-44,-33,-22,-11,0,11,22,33,43.84
9590,-112.18,-89.18,-67,-56,-44,-33,-22,-11,0,11,22,33,43.82
9600,-112.2,-89.2,-67,-56,-44,-33,-22,-11,0,11,22,33,43.8
9610,-112.22,-89.22,-67,-56,-44,-33,-22,-11,0,11,22,33,43.78
9620,-112.24,-89.24,-67,-56,-44,-33,-22,-11,0,11,22,33,43.76
9630,-112.26,-89.26,-67,-56,-44,-33,-22,-11,0,11,22,33,43.74
9640,-112.28,-89.28,-67,-56,-44,-33,-22,-11,0,11,22,33,43.72
9650,-112.3,-89.3,-67,-56,-44,-33,-22,-11,0,11,22,33,43.7
9660,-112.32,-89.32,-67,-56,-44,-33,-22,-11,0,11,22,33,43.68
9670,-112.34,-89.34,-67,-56,-44,-33,-22,-11,0,11,22,33,43.66
9680,-112.36,-89.36,-67,-56,-44,-33,-22,-11,0,11,22,33,43.64
9690,-112.38,-89.38,-67,-56,-44,-33,-22,-11,0,11,22,33,43.62
9700,-112.4,-89.4,-67,-56,-44,-33,-22,-11,0,11,22,33,43.6
9710,-112.42,-89.42,-67,-56,-44,-33,-22,-11,0,11,22,33,43.58
9720,-112.44,-89.44,-67,-56,-44,-33,-22,-11,0,11,22,33,43.56
9730,-112.46,-89.46,-67,-56,-44,-33,-22,-11,0,11,22,33,43.54
9740,-112.48,-89.48,-67,-56,-44,-33,-22,-11,0,11,22,33,43.52
9750,-112.5,-89.5,-67,-56,-44,-33,-22,-11,0,11,22,33,43.5
9760,-112.52,-89.52,-67,-56,-44,-33,-22,-11,0,11,22,33,43.48
9770,-112.54,-89.54,-67,-56,-44,-33,-22,-11,0,11,22,33,43.46
9780,-112.56,-89.56,-67,-56,-44,-33,-22,-11,0,11,22,33,43.44
9790,-112.58,-89.58,-67,-56,-44,-33,-22,-11,0,11,22,33,43.42
9800,-112.6,-89.6,-67,-56,-44,-33,-22,-11,0,11,22,33,43.4
9810,-112.62,-89.62,-67,-56,-44,-33,-22,-11,0,11,22,33,43.38
9820,-112.64,-89.64,-67,-56,-44,-33,-22,-11,0,11,22,33,43.36
9830,-112.66,-89.66,-67,-56,-44,-33,-22,-11,0,11,22,33,43.34
9840,-112.68,-89.68,-67,-56,-44,-33,-22,-11,0,11,22,33,43.32
9850,-112.7,-89.7,-67,-56,-44,-33,-22,-11,0,11,22,33,43.3
9860,-112.72,-89.72,-67,-56,-44,-33,-22,-11,0,11,22,33,43.28
9870,-112.74,-89.74,-67,-56,-44,-33,-22,-11,0,11,22,33,43.26
9880,-112.76,-89.76,-67,-56,-44,-33,-22,-11,0,11,22,33,43.24
9890,-112.78,-89.78,-67,-56,-44,-33,-22,-11,0,11,22,33,43.22
9900,-112.8,-89.8,-67,-56,-44,-33,-22,-11,0,11,22,33,43.2
9910,-112.82,-89.82,-67,-56,-44,-33,-22,-11,0,11,22,33,43.18
9920,-112.84,-89.84,-67,-56,-44,-33,-22,-11,0,11,22,33,43.16
9930,-112.86,-89.86,-67,-56,-44,-33,-22,-11,0,11,22,33,43.14
9940,-112.88,-89.88,-67,-56,-44,-33,-22,-11,0,11,22,33,43.12
9950,-112.9,-89.9,-67,-56,-44,-33,-22,-11,0,11,22,33,43.1
9960,-112.92,-89.92,-67,-56,-44,-33,-22,-11,0,11,22,33,43.08
9970,-112.94,-89.94,-67,-56,-44,-33,-22,-11,0,11,22,33,43.06
9980,-112.96,-89.96,-67,-56,-44,-33,-22,-11,0,11,22,33,43.04
9990,-112.98,-89.98,-67,-56,-44,-33,-22,-11,0,11,22,33,43.02
10000,-113,-90,-67,-56,-44,-33,-22,-11,0,11,22,33,43
10010,-113.02,-90,-67,-56,-44.02,-33,-22,-11,0,11,22,33,43
10020,-113.04,-90,-67,-56,-44.04,-33,-22,-11,0,11,22,33,43
10030,-113.06,-90,-67,-56,-44.06,-33,-22,-11,0,11,22,33,43
10040,-113.08,-90,-67,-56,-44.08,-33,-22,-11,0,11,22,33,43
10050,-113.1,-90,-67,-56,-44.1,-33,-22,-11,0,11,22,33,43
10060,-113.12,-90,-67,-56,-44.12,-33,-22,-11,0,11,22,33,43
10070,-113.14,-90,-67,-56,-44.14,-33,-22,-11,0,11,22,33,43
10080,-113.16,-90,-67,-56,-44.16,-33,-22,-11,0,11,22,33,43
10090,-113.18,-90,-67,-56,-44.18,-33,-22,-11,0,11,22,33,43
10100,-113.2,-90,-67,-56,-44.2,-33,-22,-11,0,11,22,33,43
10110,-113.22,-90,-67,-56,-44.22,-33,-22,-11,0,11,22,33,43
10120,-113.24,-90,-67,-56,-44.24,-33,-22,-11,0,11,22,33,43
10130,-113.26,-90,-67,-56,-44.26,-33,-22,-11,0,11,22,33,43
10140,-113.28,-90,-67,-56,-44.28,-33,-22,-11,0,11,22,33,43
10150,-113.3,-90,-67,-56,-44.3,-33,-22,-11,0,11,22,33,43
10160,-113.32,-90,-67,-56,-44.32,-33,-22,-11,0,11,22,33,43
10170,-113.34,-90,-67,-56,-44.34,-33,-22,-11,0,11,22,33,43
10180,-113.36,-90,-67,-56,-44.36,-33,-22,-11,0,11,22,33,43
10190,-113.38,-90,-67,-56,-44.38,-33,-22,-11,0,11,22,33,43
10200,-113.4,-90,-67,-56,-44.4,-33,-22,-11,0,11,22,33,43
10210,-113.42,-90,-67,-56,-44.42,-33,-22,-11,0,11,22,33,43
10220,-113.44,-90,-67,-56,-44.44,-33,-22,-11,0,11,22,33,43
10230,-113.46,-90,-67,-56,-44.46,-33,-22,-11,0,11,22,33,43
10240,-113.48,-90,-67,-56,-44.48,-33,-22,-11,0,11,22,33,43
10250,-113.5,-90,-67,-56,-44.5,-33,-22,-11,0,11,22,33,43
10260,-113.52,-90,-67,-56,-44.52,-33,-22,-11,0,11,22,33,43
10270,-113.54,-90,-67,-56,-44.54,-33,-22,-11,0,11,22,33,43
10280,-113.56,-90,-67,-56,-44.56,-33,-22,-11,0,11,22,33,43
10290,-113.58,-90,-67,-56,-44.58,-33,-22,-11,0,11,22,33,43
10300,-113.6,-90,-67,-56,-44.6,-33,-22,-11,0,11,22,33,43
10310,-113.62,-90,-67,-56,-44.62,-33,-22,-11,0,11,22,33,43
10320,-113.64,-90,-67,-56,-44.64,-33,-22,-11,0,11,22,33,43
10330,-113.66,-90,-67,-56,-44.66,-33,-22,-11,0,11,22,33,43
10340,-113.68,-90,-67,-56,-44.68,-33,-22,-11,0,11,22,33,43
10350,-113.7,-90,-67,-56,-44.7,-33,-22,-11,0,11,22,33,43
10360,-113.72,-90,-67,-56,-44.72,-33,-22,-11,0,11,22,33,43
10370,-113.74,-90,-67,-56,-44.74,-33,-22,-11,0,11,22,33,43
10380,-113.76,-90,-67,-56,-44.76,-33,-22,-11,0,11,22,33,43
10390,-113.78,-90,-67,-56,-44.78,-33,-22,-11,0,11,22,33,43
10400,-113.8,-90,-67,-56,-44.8,-33,-22,-11,0,11,22,33,43
10410,-113.82,-90,-67,-56,-44.82,-33,-22,-11,0,11,22,33,43
10420,-113.84,-90,-67,-56,-44.84,-33,-22,-11,0,11,22,33,43
10430,-113.86,-90,-67,-56,-44.86,-33,-22,-11,0,11,22,33,43
10440,-113.88,-90,-67,-56,-44.88,-33,-22,-11,0,11,22,33,43
10450,-113.9,-90,-67,-56,-44.9,-33,-22,-11,0,11,22,33,43
10460,-113.92,-90,-67,-56,-44.92,-33,-22,-11,0,11,22,33,43
10470,-113.94,-90,-67,-56,-44.94,-33,-22,-11,0,11,22,33,43
10480,-113.96,-90,-67,-56,-44.96,-33,-22,-11,0,11,22,33,43
10490,-113.98,-90,-67,-56,-44.98,-33,-22,-11,0,11,22,33,43
10500,-114,-90,-67,-56,-45,-33,-22,-11,0,11,22,33,43
10510,-114.02,-90.02,-67.02,-56,-45,-33,-22,-11,0,11,22,32.98,43
10520,-114.04,-90.04,-67.04,-56,-45,-33,-22,-11,0,11,22,32.96,43
10530,-114.06,-90.06,-67.06,-56,-45,-33,-22,-11,0,11,22,32.94,43
10540,-114.08,-90.08,-67.08,-56,-45,-33,-22,-11,0,11,22,32.92,43
10550,-114.1,-90.1,-67.1,-56,-45,-33,-22,-11,0,11,22,32.9,43
10560,-114.12,-90.12,-67.12,-56,-45,-33,-22,-11,0,11,22,32.88,43
10570,-114.14,-90.14,-67.14,-56,-45,-33,-22,-11,0,11,22,32.86,43
10580,-114.16,-90.16,-67.16,-56,-45,-33,-22,-11,0,11,22,32.84,43
10590,-114.18,-90.18,-67.18,-56,-45,-33,-22,-11,0,11,22,32.82,43
10600,-114.2,-90.2,-67.2,-56,-45,-33,-22,-11,0,11,22,32.8,43
10610,-114.22,-90.22,-67.22,-56,-45,-33,-22,-11,0,11,22,32.78,43
10620,-114.24,-90.24,-67.24,-56,-45,-33,-22,-11,0,11,22,32.76,43
10630,-114.26,-90.26,-67.26,-56,-45,-33,-22,-11,0,11,22,32.74,43
10640,-114.28,-90.28,-67.28,-56,-45,-33,-22,-11,0,11,22,32.72,43
10650,-114.3,-90.3,-67.3,-56,-45,-33,-22,-11,0,11,22,32.7,43
10660,-114.32,-90.32,-67.32,-56,-45,-33,-22,-11,0,11,22,32.68,43
10670,-114.34,-90.34,-67.34,-56,-45,-33,-22,-11,0,11,22,32.66,43
10680,-114.36,-90.36,-67.36,-56,-45,-33,-22,-11,0,11,22,32.64,43
10690,-114.38,-90.38,-67.38,-56,-45,-33,-22,-11,0,11,22,32.62,43
10700,-114.4,-90.4,-67.4,-56,-45,-33,-22,-11,0,11,22,32.6,43
10710,-114.42,-90.42,-67.42,-56,-45,-33,-22,-11,0,11,22,32.58,43
10720,-114.44,-90.44,-67.44,-56,-45,-33,-22,-11,0,11,22,32.56,43
10730,-114.46,-90.46,-67.46,-56,-45,-33,-22,-11,0,11,22,32.54,43
10740,-114.48,-90.48,-67.48,-56,-45,-33,-22,-11,0,11,22,32.52,43
10750,-114.5,-90.5,-67.5,-56,-45,-33,-22,-11,0,11,22,32.5,43
10760,-114.52,-90.52,-67.52,-56,-45,-33,-22,-11,0,11,22,32.48,43
10770,-114.54,-90.54,-67.54,-56,-45,-33,-22,-11,0,11,22,32.46,43
10780,-114.56,-90.56,-67.56,-56,-45,-33,-22,-11,0,11,22,32.44,43
10790,-114.58,-90.58,-67.58,-56,-45,-33,-22,-11,0,11,22,32.42,43
10800,-114.6,-90.6,-67.6,-56,-45,-33,-22,-11,0,11,22,32.4,43
10810,-114.62,-90.62,-67.62,-56,-45,-33,-22,-11,0,11,22,32.38,43
10820,-114.64,-90.64,-67.64,-56,-45,-33,-22,-11,0,11,22,32.36,43
10830,-114.66,-90.66,-67.66,-56,-45,-33,-22,-11,0,11,22,32.34,43
10840,-114.68,-90.68,-67.68,-56,-45,-33,-22,-11,0,11,22,32.32,43
10850,-114.7,-90.7,-67.7,-56,-45,-33,-22,-11,0,11,22,32.3,43
10860,-114.72,-90.72,-67.72,-56,-45,-33,-22,-11,0,11,22,32.28,43
10870,-114.74,-90.74,-67.74,-56,-45,-33,-22,-11,0,11,22,32.26,43
10880,-114.76,-90.76,-67.76,-56,-45,-33,-22,-11,0,11,22,32.24,43
10890,-114.78,-90.78,-67.78,-56,-45,-33,-22,-11,0,11,22,32.22,43
10900,-114.8,-90.8,-67.8,-56,-45,-33,-22,-11,0,11,22,32.2,43
10910,-114.82,-90.82,-67.82,-56,-45,-33,-22,-11,0,11,22,32.18,43
10920,-114.84,-90.84,-67.84,-56,-45,-33,-22,-11,0,11,22,32.16,43
10930,-114.86,-90.86,-67.86,-56,-45,-33,-22,-11,0,11,22,32.14,43
10940,-114.88,-90.88,-67.88,-56,-45,-33,-22,-11,0,11,22,32.12,43
10950,-114.9,-90.9,-67.9,-56,-45,-33,-22,-11,0,11,22,32.1,43
10960,-114.92,-90.92,-67.92,-56,-45,-33,-22,-11,0,11,22,32.08,43
10970,-114.94,-90.94,-67.94,-56,-45,-33,-22,-11,0,11,22,32.06,43
10980,-114.96,-90.96,-67.96,-56,-45,-33,-22,-11,0,11,22,32.04,43
10990,-114.98,-90.98,-67.98,-56,-45,-33,-22,-11,0,11,22,32.02,43
11000,-115,-91,-68,-56,-45,-33,-22,-11,0,11,22,32,43
11010,-115,-91,-68,-56,-45,-33,-22,-11,0,11,22,32,43
11020,-115,-91,-68,-56,-45,-33,-22,-11,0,11,22,32,43
11030,-115,-91,-68,-56,-45,-33,-22,-11,0,11,22,32,43
11040,-115,-91,-68,-56,-45,-33,-22,-11,0,11,22,32,43
11050,-115,-91,-68,-56,-45,-33,-22,-11,0,11,22,32,43
11060,-115,-91,-68,-56,-45,-33,-22,-11,0,11,22,32,43
11070,-115,-91,-68,-56,-45,-33,-22,-11,0,11,22,32,43
11080,-115,-91,-68,-56,-45,-33,-22,-11,0,11,22,32,43
11090,-115,-91,-68,-56,-45,-33,-22,-11,0,11,22,32,43
11100,-115,-91,-68,-56,-45,-33,-22,-11,0,11,22,32,43
11110,-115.1,-91.1,-68,-56,-45,-33.1,-22,-11,0,11,22,32,43
11120,-115.2,-91.2,-68,-56,-45,-33.2,-22,-11,0,11,22,32,43
11130,-115.3,-91.3,-68,-56,-45,-33.3,-22,-11,0,11,22,32,43
11140,-115.4,-91.4,-68,-56,-45,-33.4,-22,-11,0,11,22,32,43
11150,-115.5,-91.5,-68,-56,-45,-33.5,-22,-11,0,11,22,32,43
11160,-115.6,-91.6,-68,-56,-45,-33.6,-22,-11,0,11,22,32,43
11170,-115.7,-91.7,-68,-56,-45,-33.7,-22,-11,0,11,22,32,43
11180,-115.8,-91.8,-68,-56,-45,-33.8,-22,-11,0,11,22,32,43
11190,-115.9,-91.9,-68,-56,-45,-33.9,-22,-11,0,11,22,32,43
11200,-116,-92,-68,-56,-45,-34,-22,-11,0,11,22,32,43
11210,-116,-92,-68,-56.1,-45,-34,-22,-11,0,11,22,32,43
11220,-116,-92,-68,-56.2,-45,-34,-22,-11,0,11,22,32,43
11230,-116,-92,-68,-56.3,-45,-34,-22,-11,0,11,22,32,43
11240,-116,-92,-68,-56.4,-45,-34,-22,-11,0,11,22,32,43
11250,-116,-92,-68,-56.5,-45,-34,-22,-11,0,11,22,32,43
11260,-116,-92,-68,-56.6,-45,-34,-22,-11,0,11,22,32,43
11270,-116,-92,-68,-56.7,-45,-34,-22,-11,0,11,22,32,43
11280,-116,-92,-68,-56.8,-45,-34,-22,-11,0,11,22,32,43
11290,-116,-92,-68,-56.9,-45,-34,-22,-11,0,11,22,32,43
11300,-116,-92,-68,-57,-45,-34,-22,-11,0,11,22,32,43
11310,-116.1,-92.1,-68.1,-57,-45,-34,-22,-11,0,11,22,32,43
11320,-116.2,-92.2,-68.2,-57,-45,-34,-22,-11,0,11,22,32,43
11330,-116.3,-92.3,-68.3,-57,-45,-34,-22,-11,0,11,22,32,43
11340,-116.4,-92.4,-68.4,-57,-45,-34,-22,-11,0,11,22,32,43
11350,-116.5,-92.5,-68.5,-57,-45,-34,-22,-11,0,11,22,32,43
11360,-116.6,-92.6,-68.6,-57,-45,-34,-22,-11,0,11,22,32,43
11370,-116.7,-92.7,-68.7,-57,-45,-34,-22,-11,0,11,22,32,43
11380,-116.8,-92.8,-68.8,-57,-45,-34,-22,-11,0,11,22,32,43
11390,-116.9,-92.9,-68.9,-57,-45,-34,-22,-11,0,11,22,32,43
11400,-117,-93,-69,-57,-45,-34,-22,-11,0,11,22,32,43
11410,-117.1,-93,-69,-57,-45,-34,-22,-11,0,11,22,32,42.9
11420,-117.2,-93,-69,-57,-45,-34,-22,-11,0,11,22,32,42.8
11430,-117.3,-93,-69,-57,-45,-34,-22,-11,0,11,22,32,42.7
11440,-117.4,-93,-69,-57,-45,-34,-22,-11,0,11,22,32,42.6
11450,-117.5,-93,-69,-57,-45,-34,-22,-11,0,11,22,32,42.5
11460,-117.6,-93,-69,-57,-45,-34,-22,-11,0,11,22,32,42.4
11470,-117.7,-93,-69,-57,-45,-34,-22,-11,0,11,22,32,42.3
11480,-117.8,-93,-69,-57,-45,-34,-22,-11,0,11,22,32,42.2
11490,-117.9,-93,-69,-57,-45,-34,-22,-11,0,11,22,32,42.1
11500,-118,-93,-69,-57,-45,-34,-22,-11,0,11,22,32,42
11510,-118.1,-93.1,-69,-57,-45.1,-34,-22,-11,0,11,22,32,42
11520,-118.2,-93.2,-69,-57,-45.2,-34,-22,-11,0,11,22,32,42
11530,-118.3,-93.3,-69,-57,-45.3,-34,-22,-11,0,11,22,32,42
11540,-118.4,-93.4,-69,-57,-45.4,-34,-22,-11,0,11,22,32,42
11550,-118.5,-93.5,-69,-57,-45.5,-34,-22,-11,0,11,22,32,42
11560,-118.6,-93.6,-69,-57,-45.6,-34,-22,-11,0,11,22,32,42
11570,-118.7,-93.7,-69,-57,-45.7,-34,-22,-11,0,11,22,32,42
11580,-118.8,-93.8,-69,-57,-45.8,-34,-22,-11,0,11,22,32,42
11590,-118.9,-93.9,-69,-57,-45.9,-34,-22,-11,0,11,22,32,42
11600,-119,-94,-69,-57,-46,-34,-22,-11,0,11,22,32,42
11610,-119.1,-94.1,-69.1,-57.1,-46,-34,-22.1,-11,0,11,21.9,32,41.9
11620,-119.2,-94.2,-69.2,-57.2,-46,-34,-22.2,-11,0,11,21.8,32,41.8
11630,-119.3,-94.3,-69.3,-57.3,-46,-34,-22.3,-11,0,11,21.7,32,41.7
11640,-119.4,-94.4,-69.4,-57.4,-46,-34,-22.4,-11,0,11,21.6,32,41.6
11650,-119.5,-94.5,-69.5,-57.5,-46,-34,-22.5,-11,0,11,21.5,32,41.5
11660,-119.6,-94.6,-69.6,-57.6,-46,-34,-22.6,-11,0,11,21.4,32,41.4
11670,-119.7,-94.7,-69.7,-57.7,-46,-34,-22.7,-11,0,11,21.3,32,41.3
11680,-119.8,-94.8,-69.8,-57.8,-46,-34,-22.8,-11,0,11,21.2,32,41.2
11690,-119.9,-94.9,-69.9,-57.9,-46,-34,-22.9,-11,0,11,21.1,32,41.1
11700,-120,-95,-70,-58,-46,-34,-23,-11,0,11,21,32,41
11710,-120.3,-95.2,-70.1,-58.1,-46.1,-34,-23,-11,0,11,21,31.9,40.9
11720,-120.6,-95.4,-70.2,-58.2,-46.2,-34,-23,-11,0,11,21,31.8,40.8
11730,-120.9,-95.6,-70.3,-58.3,-46.3,-34,-23,-11,0,11,21,31.7,40.7
11740,-121.2,-95.8,-70.4,-58.4,-46.4,-34,-23,-11,0,11,21,31.6,40.6
11750,-121.5,-96,-70.5,-58.5,-46.5,-34,-23,-11,0,11,21,31.5,40.5
11760,-121.8,-96.2,-70.6,-58.6,-46.6,-34,-23,-11,0,11,21,31.4,40.4
11770,-122.1,-96.4,-70.7,-58.7,-46.7,-34,-23,-11,0,11,21,31.3,40.3
11780,-122.4,-96.6,-70.8,-58.8,-46.8,-34,-23,-11,0,11,21,31.2,40.2
11790,-122.7,-96.8,-70.9,-58.9,-46.9,-34,-23,-11,0,11,21,31.1,40.1
11800,-123,-97,-71,-59,-47,-34,-23,-11,0,11,21,31,40
11810,-123.5,-97.4,-71.3,-59.2,-47.1,-34.1,-23,-11,0,10.9,20.9,30.7,39.4
11820,-124,-97.8,-71.6,-59.4,-47.2,-34.2,-23,-11,0,10.8,20.8,30.4,38.8
11830,-124.5,-98.2,-71.9,-59.6,-47.3,-34.3,-23,-11,0,10.7,20.7,30.1,38.2
11840,-125,-98.6,-72.2,-59.8,-47.4,-34.4,-23,-11,0,10.6,20.6,29.8,37.6
11850,-125.5,-99,-72.5,-60,-47.5,-34.5,-23,-11,0,10.5,20.5,29.5,37
11860,-126,-99.4,-72.8,-60.2,-47.6,-34.6,-23,-11,0,10.4,20.4,29.2,36.4
11870,-126.5,-99.8,-73.1,-60.4,-47.7,-34.7,-23,-11,0,10.3,20.3,28.9,35.8
11880,-127,-100.2,-73.4,-60.6,-47.8,-34.8,-23,-11,0,10.2,20.2,28.6,35.2
11890,-127.5,-100.6,-73.7,-60.8,-47.9,-34.9,-23,-11,0,10.1,20.1,28.3,34.6
11900,-128,-101,-74,-61,-48,-35,-23,-11,0,10,20,28,34
11910,-128,-101,-74,-61,-48,-35,-23,-11,0,10,20,28,34
11920,-128,-101,-74,-61,-48,-35,-23,-11,0,10,20,28,34
11930,-128,-101,-74,-61,-48,-35,-23,-11,0,10,20,28,34
11940,-128,-101,-74,-61,-48,-35,-23,-11,0,10,20,28,34
11950,-128,-101,-74,-61,-48,-35,-23,-11,0,10,20,28,34
11960,-128,-101,-74,-61,-48,-35,-23,-11,0,10,20,28,34
11970,-128,-101,-74,-61,-48,-35,-23,-11,0,10,20,28,34
11980,-128,-101,-74,-61,-48,-35,-23,-11,0,10,20,28,34
11990,-128,-101,-74,-61,-48,-35,-23,-11,0,10,20,28,34
12000,-128,-101,-74,-61,-48,-35,-23,-11,0,10,20,28,34
