level,volume
0,0.137
10,0.226
20,0.393
30,0.611
40,0.872
50,1.17
60,1.501
70,1.863
80,2.253
90,2.669
100,3.112
110,3.578
120,4.069
130,4.582
140,5.118
150,5.674
160,6.251
170,6.847
180,7.463
190,8.097
200,8.75
210,9.421
220,10.109
230,10.815
240,11.538
250,12.277
260,13.033
270,13.805
280,14.591
290,15.394
300,16.212
310,17.045
320,17.893
330,18.755
340,19.633
350,20.524
360,21.43
370,22.35
380,23.283
390,24.23
400,25.191
410,26.165
420,27.153
430,28.153
440,29.167
450,30.193
460,31.232
470,32.284
480,33.345
490,34.418
500,35.504
510,36.602
520,37.712
530,38.834
540,39.968
550,41.114
560,42.271
570,43.441
580,44.621
590,45.813
600,47.017
610,48.231
620,49.457
630,50.694
640,51.941
650,53.203
660,54.476
670,55.759
680,57.053
690,58.358
700,59.673
710,60.999
720,62.335
730,63.681
740,65.038
750,66.405
760,67.782
770,69.17
780,70.567
790,71.974
800,73.391
810,74.818
820,76.255
830,77.702
840,79.158
850,80.624
860,82.099
870,83.584
880,85.079
890,86.583
900,88.096
910,89.618
920,91.15
930,92.691
940,94.242
950,95.801
960,97.37
970,98.947
980,100.534
990,102.129
1000,103.733
1010,105.347
1020,106.969
1030,108.599
1040,110.239
1050,111.887
1060,113.544
1070,115.21
1080,116.884
1090,118.566
1100,120.258
1110,121.957
1120,123.665
1130,125.381
1140,127.106
1150,128.839
1160,130.58
1170,132.329
1180,134.087
1190,135.853
1200,137.627
1210,139.409
1220,141.198
1230,142.996
1240,144.801
1250,146.614
1260,148.436
1270,150.265
1280,152.102
1290,153.947
1300,155.799
1310,157.659
1320,159.527
1330,161.403
1340,163.286
1350,165.177
1360,167.076
1370,168.982
1380,170.895
1390,172.816
1400,174.745
1410,176.68
1420,178.624
1430,180.574
1440,182.532
1450,184.497
1460,186.47
1470,188.45
1480,190.436
1490,192.431
1500,194.432
1510,196.44
1520,198.456
1530,200.478
1540,202.508
1550,204.545
1560,206.588
1570,208.639
1580,210.696
1590,212.761
1600,214.832
1610,216.91
1620,218.995
1630,221.087
1640,223.185
1650,225.29
1660,227.403
1670,229.521
1680,231.647
1690,233.779
1700,235.917
1710,238.062
1720,240.214
1730,242.373
1740,244.538
1750,246.709
1760,248.887
1770,251.071
1780,253.262
1790,255.459
1800,257.662
1810,259.872
1820,262.088
1830,264.311
1840,266.54
1850,268.775
1860,271.016
1870,273.264
1880,275.517
1890,277.777
1900,280.043
1910,282.315
1920,284.593
1930,286.878
1940,289.168
1950,291.464
1960,293.767
1970,296.075
1980,298.39
1990,300.71
2000,303.036
2010,305.368
2020,307.706
2030,310.05
2040,312.4
2050,314.755
2060,317.117
2070,319.484
2080,321.857
2090,324.235
2100,326.619
2110,329.009
2120,331.405
2130,333.806
2140,336.213
2150,338.626
2160,341.044
2170,343.468
2180,345.897
2190,348.332
2200,350.772
2210,353.218
2220,355.669
2230,358.125
2240,360.587
2250,363.055
2260,365.528
2270,368.006
2280,370.49
2290,372.978
2300,375.473
2310,377.972
2320,380.477
2330,382.987
2340,385.502
2350,388.023
2360,390.549
2370,393.079
2380,395.616
2390,398.157
2400,400.703
2410,403.254
2420,405.811
2430,408.373
2440,410.939
2450,413.511
2460,416.087
2470,418.669
2480,421.256
2490,423.847
2500,426.444
2510,429.045
2520,431.651
2530,434.263
2540,436.879
2550,439.5
2560,442.125
2570,444.756
2580,447.391
2590,450.031
2600,452.676
2610,455.326
2620,457.98
2630,460.639
2640,463.303
2650,465.971
2660,468.645
2670,471.322
2680,474.005
2690,476.691
2700,479.383
2710,482.079
2720,484.78
2730,487.485
2740,490.195
2750,492.909
2760,495.627
2770,498.35
2780,501.078
2790,503.81
2800,506.546
2810,509.287
2820,512.032
2830,514.782
2840,517.536
2850,520.294
2860,523.057
2870,525.824
2880,528.595
2890,531.37
2900,534.15
2910,536.933
2920,539.722
2930,542.514
2940,545.31
2950,548.111
2960,550.916
2970,553.725
2980,556.538
2990,559.355
3000,562.176
3010,565.001
3020,567.831
3030,570.664
3040,573.502
3050,576.343
3060,579.189
3070,582.038
3080,584.891
3090,587.749
3100,590.61
3110,593.475
3120,596.344
3130,599.217
3140,602.094
3150,604.974
3160,607.859
3170,610.747
3180,613.639
3190,616.535
3200,619.434
3210,622.338
3220,625.245
3230,628.156
3240,631.07
3250,633.989
3260,636.911
3270,639.836
3280,642.766
3290,645.698
3300,648.635
3310,651.575
3320,654.519
3330,657.466
3340,660.417
3350,663.371
3360,666.329
3370,669.29
3380,672.255
3390,675.224
3400,678.195
3410,681.171
3420,684.15
3430,687.132
3440,690.117
3450,693.106
3460,696.099
3470,699.094
3480,702.093
3490,705.096
3500,708.102
3510,711.111
3520,714.123
3530,717.139
3540,720.157
3550,723.179
3560,726.205
3570,729.233
3580,732.265
3590,735.3
3600,738.338
3610,741.379
3620,744.424
3630,747.471
3640,750.522
3650,753.576
3660,756.633
3670,759.692
3680,762.755
3690,765.821
3700,768.89
3710,771.962
3720,775.037
3730,778.116
3740,781.196
3750,784.281
3760,787.367
3770,790.457
3780,793.55
3790,796.646
3800,799.744
3810,802.846
3820,805.95
3830,809.057
3840,812.167
3850,815.28
3860,818.395
3870,821.514
3880,824.635
3890,827.758
3900,830.885
3910,834.014
3920,837.147
3930,840.281
3940,843.419
3950,846.559
3960,849.702
3970,852.847
3980,855.995
3990,859.146
4000,862.299
4010,865.455
4020,868.614
4030,871.775
4040,874.938
4050,878.105
4060,881.273
4070,884.444
4080,887.618
4090,890.794
4100,893.973
4110,897.154
4120,900.337
4130,903.523
4140,906.712
4150,909.903
4160,913.096
4170,916.291
4180,919.489
4190,922.689
4200,925.892
4210,929.096
4220,932.304
4230,935.513
4240,938.725
4250,941.939
4260,945.155
4270,948.374
4280,951.595
4290,954.817
4300,958.043
4310,961.27
4320,964.499
4330,967.731
4340,970.965
4350,974.201
4360,977.438
4370,980.679
4380,983.921
4390,987.165
4400,990.412
4410,993.66
4420,996.91
4430,1000.163
4440,1003.417
4450,1006.674
4460,1009.932
4470,1013.192
4480,1016.454
4490,1019.719
4500,1022.985
4510,1026.253
4520,1029.523
4530,1032.795
4540,1036.068
4550,1039.344
4560,1042.621
4570,1045.901
4580,1049.182
4590,1052.465
4600,1055.75
4610,1059.036
4620,1062.324
4630,1065.614
4640,1068.906
4650,1072.2
4660,1075.495
4670,1078.792
4680,1082.09
4690,1085.391
4700,1088.692
4710,1091.996
4720,1095.301
4730,1098.608
4740,1101.917
4750,1105.227
4760,1108.539
4770,1111.852
4780,1115.167
4790,1118.483
4800,1121.801
4810,1125.121
4820,1128.441
4830,1131.764
4840,1135.088
4850,1138.413
4860,1141.74
4870,1145.068
4880,1148.398
4890,1151.729
4900,1155.062
4910,1158.396
4920,1161.731
4930,1165.068
4940,1168.406
4950,1171.745
4960,1175.086
4970,1178.428
4980,1181.771
4990,1185.116
5000,1188.462
5010,1191.809
5020,1195.157
5030,1198.507
5040,1201.858
5050,1205.21
5060,1208.563
5070,1211.918
5080,1215.273
5090,1218.63
5100,1221.988
5110,1225.347
5120,1228.707
5130,1232.069
5140,1235.431
5150,1238.795
5160,1242.159
5170,1245.525
5180,1248.891
5190,1252.259
5200,1255.628
5210,1258.998
5220,1262.368
5230,1265.74
5240,1269.113
5250,1272.486
5260,1275.861
5270,1279.236
5280,1282.613
5290,1285.99
5300,1289.369
5310,1292.748
5320,1296.128
5330,1299.508
5340,1302.89
5350,1306.272
5360,1309.656
5370,1313.04
5380,1316.425
5390,1319.811
5400,1323.197
5410,1326.584
5420,1329.972
5430,1333.361
5440,1336.75
5450,1340.14
5460,1343.531
5470,1346.923
5480,1350.314
5490,1353.707
5500,1357.101
5510,1360.494
5520,1363.889
5530,1367.284
5540,1370.68
5550,1374.077
5560,1377.474
5570,1380.871
5580,1384.269
5590,1387.668
5600,1391.067
5610,1394.466
5620,1397.867
5630,1401.267
5640,1404.668
5650,1408.069
5660,1411.471
5670,1414.874
5680,1418.276
5690,1421.679
5700,1425.083
5710,1428.487
5720,1431.891
5730,1435.296
5740,1438.7
5750,1442.106
5760,1445.511
5770,1448.917
5780,1452.323
5790,1455.73
5800,1459.136
5810,1462.543
5820,1465.95
5830,1469.357
5840,1472.765
5850,1476.173
5860,1479.581
5870,1482.989
5880,1486.397
5890,1489.805
5900,1493.214
5910,1496.622
5920,1500.031
5930,1503.44
5940,1506.849
5950,1510.258
5960,1513.667
5970,1517.076
5980,1520.485
5990,1523.895
6000,1527.304
6010,1530.713
6020,1534.122
6030,1537.531
6040,1540.94
6050,1544.349
6060,1547.758
6070,1551.167
6080,1554.576
6090,1557.984
6100,1561.393
6110,1564.801
6120,1568.209
6130,1571.617
6140,1575.025
6150,1578.433
6160,1581.841
6170,1585.248
6180,1588.655
6190,1592.062
6200,1595.469
6210,1598.875
6220,1602.281
6230,1605.687
6240,1609.092
6250,1612.498
6260,1615.903
6270,1619.307
6280,1622.711
6290,1626.115
6300,1629.518
6310,1632.922
6320,1636.324
6330,1639.727
6340,1643.128
6350,1646.53
6360,1649.931
6370,1653.331
6380,1656.731
6390,1660.131
6400,1663.53
6410,1666.928
6420,1670.326
6430,1673.724
6440,1677.121
6450,1680.517
6460,1683.913
6470,1687.308
6480,1690.703
6490,1694.097
6500,1697.49
6510,1700.883
6520,1704.275
6530,1707.666
6540,1711.057
6550,1714.447
6560,1717.836
6570,1721.225
6580,1724.613
6590,1728
6600,1731.387
6610,1734.772
6620,1738.157
6630,1741.541
6640,1744.924
6650,1748.307
6660,1751.688
6670,1755.069
6680,1758.449
6690,1761.828
6700,1765.206
6710,1768.584
6720,1771.96
6730,1775.335
6740,1778.71
6750,1782.083
6760,1785.456
6770,1788.828
6780,1792.198
6790,1795.568
6800,1798.937
6810,1802.304
6820,1805.671
6830,1809.036
6840,1812.401
6850,1815.764
6860,1819.127
6870,1822.488
6880,1825.848
6890,1829.207
6900,1832.565
6910,1835.922
6920,1839.278
6930,1842.632
6940,1845.985
6950,1849.337
6960,1852.688
6970,1856.037
6980,1859.386
6990,1862.733
7000,1866.079
7010,1869.423
7020,1872.766
7030,1876.109
7040,1879.449
7050,1882.789
7060,1886.126
7070,1889.463
7080,1892.798
7090,1896.132
7100,1899.465
7110,1902.796
7120,1906.125
7130,1909.453
7140,1912.78
7150,1916.105
7160,1919.429
7170,1922.752
7180,1926.073
7190,1929.392
7200,1932.71
7210,1936.026
7220,1939.341
7230,1942.654
7240,1945.966
7250,1949.276
7260,1952.584
7270,1955.891
7280,1959.196
7290,1962.5
7300,1965.801
7310,1969.102
7320,1972.4
7330,1975.697
7340,1978.992
7350,1982.286
7360,1985.577
7370,1988.867
7380,1992.155
7390,1995.442
7400,1998.726
7410,2002.009
7420,2005.29
7430,2008.569
7440,2011.847
7450,2015.122
7460,2018.396
7470,2021.667
7480,2024.937
7490,2028.205
7500,2031.471
7510,2034.735
7520,2037.998
7530,2041.258
7540,2044.516
7550,2047.772
7560,2051.027
7570,2054.279
7580,2057.529
7590,2060.777
7600,2064.023
7610,2067.268
7620,2070.509
7630,2073.749
7640,2076.987
7650,2080.223
7660,2083.456
7670,2086.688
7680,2089.917
7690,2093.144
7700,2096.369
7710,2099.592
7720,2102.812
7730,2106.031
7740,2109.247
7750,2112.46
7760,2115.672
7770,2118.881
7780,2122.088
7790,2125.293
7800,2128.495
7810,2131.695
7820,2134.893
7830,2138.088
7840,2141.281
7850,2144.471
7860,2147.66
7870,2150.845
7880,2154.029
7890,2157.209
7900,2160.388
7910,2163.564
7920,2166.737
7930,2169.908
7940,2173.076
7950,2176.242
7960,2179.405
7970,2182.566
7980,2185.725
7990,2188.88
8000,2192.033
8010,2195.184
8020,2198.332
8030,2201.477
8040,2204.619
8050,2207.759
8060,2210.896
8070,2214.031
8080,2217.163
8090,2220.292
8100,2223.418
8110,2226.542
8120,2229.663
8130,2232.781
8140,2235.896
8150,2239.009
8160,2242.118
8170,2245.225
8180,2248.329
8190,2251.43
8200,2254.529
8210,2257.624
8220,2260.717
8230,2263.806
8240,2266.892
8250,2269.976
8260,2273.057
8270,2276.135
8280,2279.21
8290,2282.281
8300,2285.35
8310,2288.416
8320,2291.479
8330,2294.538
8340,2297.595
8350,2300.648
8360,2303.699
8370,2306.746
8380,2309.79
8390,2312.831
8400,2315.869
8410,2318.903
8420,2321.935
8430,2324.963
8440,2327.988
8450,2331.01
8460,2334.029
8470,2337.044
8480,2340.056
8490,2343.065
8500,2346.07
8510,2349.072
8520,2352.071
8530,2355.066
8540,2358.058
8550,2361.047
8560,2364.032
8570,2367.014
8580,2369.993
8590,2372.968
8600,2375.939
8610,2378.907
8620,2381.872
8630,2384.833
8640,2387.791
8650,2390.745
8660,2393.695
8670,2396.642
8680,2399.586
8690,2402.525
8700,2405.462
8710,2408.394
8720,2411.323
8730,2414.248
8740,2417.17
8750,2420.088
8760,2423.002
8770,2425.913
8780,2428.82
8790,2431.723
8800,2434.622
8810,2437.517
8820,2440.409
8830,2443.297
8840,2446.181
8850,2449.062
8860,2451.938
8870,2454.811
8880,2457.679
8890,2460.544
8900,2463.405
8910,2466.262
8920,2469.115
8930,2471.964
8940,2474.809
8950,2477.651
8960,2480.488
8970,2483.321
8980,2486.15
8990,2488.975
9000,2491.796
9010,2494.613
9020,2497.426
9030,2500.235
9040,2503.039
9050,2505.839
9060,2508.636
9070,2511.428
9080,2514.216
9090,2516.999
9100,2519.779
9110,2522.554
9120,2525.325
9130,2528.091
9140,2530.854
9150,2533.612
9160,2536.365
9170,2539.115
9180,2541.86
9190,2544.6
9200,2547.336
9210,2550.068
9220,2552.795
9230,2555.518
9240,2558.237
9250,2560.951
9260,2563.66
9270,2566.365
9280,2569.065
9290,2571.761
9300,2574.452
9310,2577.139
9320,2579.821
9330,2582.499
9340,2585.171
9350,2587.84
9360,2590.503
9370,2593.162
9380,2595.816
9390,2598.465
9400,2601.11
9410,2603.75
9420,2606.385
9430,2609.015
9440,2611.64
9450,2614.261
9460,2616.877
9470,2619.488
9480,2622.094
9490,2624.695
9500,2627.291
9510,2629.882
9520,2632.469
9530,2635.05
9540,2637.626
9550,2640.198
9560,2642.764
9570,2645.325
9580,2647.882
9590,2650.433
9600,2652.979
9610,2655.52
9620,2658.055
9630,2660.586
9640,2663.111
9650,2665.632
9660,2668.147
9670,2670.657
9680,2673.161
9690,2675.66
9700,2678.154
9710,2680.643
9720,2683.126
9730,2685.604
9740,2688.077
9750,2690.544
9760,2693.006
9770,2695.462
9780,2697.913
9790,2700.358
9800,2702.798
9810,2705.232
9820,2707.662
9830,2710.085
9840,2712.502
9850,2714.915
9860,2717.321
9870,2719.722
9880,2722.117
9890,2724.507
9900,2726.891
9910,2729.269
9920,2731.642
9930,2734.009
9940,2736.369
9950,2738.725
9960,2741.074
9970,2743.418
9980,2745.755
9990,2748.087
10000,2750.413
10010,2752.733
10020,2755.047
10030,2757.355
10040,2759.657
10050,2761.953
10060,2764.243
10070,2766.527
10080,2768.805
10090,2771.076
10100,2773.342
10110,2775.601
10120,2777.855
10130,2780.102
10140,2782.343
10150,2784.577
10160,2786.806
10170,2789.028
10180,2791.243
10190,2793.453
10200,2795.656
10210,2797.853
10220,2800.043
10230,2802.227
10240,2804.405
10250,2806.576
10260,2808.74
10270,2810.898
10280,2813.049
10290,2815.194
10300,2817.333
10310,2819.464
10320,2821.589
10330,2823.707
10340,2825.819
10350,2827.924
10360,2830.022
10370,2832.113
10380,2834.198
10390,2836.276
10400,2838.347
10410,2840.41
10420,2842.468
10430,2844.518
10440,2846.561
10450,2848.597
10460,2850.626
10470,2852.648
10480,2854.663
10490,2856.671
10500,2858.672
10510,2860.666
10520,2862.652
10530,2864.632
10540,2866.604
10550,2868.568
10560,2870.526
10570,2872.476
10580,2874.419
10590,2876.354
10600,2878.282
10610,2880.203
10620,2882.116
10630,2884.021
10640,2885.919
10650,2887.81
10660,2889.693
10670,2891.568
10680,2893.435
10690,2895.295
10700,2897.147
10710,2898.991
10720,2900.828
10730,2902.657
10740,2904.477
10750,2906.29
10760,2908.095
10770,2909.892
10780,2911.681
10790,2913.462
10800,2915.236
10810,2917.001
10820,2918.758
10830,2920.507
10840,2922.248
10850,2923.98
10860,2925.705
10870,2927.421
10880,2929.128
10890,2930.827
10900,2932.518
10910,2934.2
10920,2935.874
10930,2937.539
10940,2939.195
10950,2940.843
10960,2942.482
10970,2944.113
10980,2945.734
10990,2947.347
11000,2948.951
11010,2950.546
11020,2952.132
11030,2953.709
11040,2955.278
11050,2956.837
11060,2958.386
11070,2959.927
11080,2961.459
11090,2962.981
11100,2964.494
11110,2965.997
11120,2967.491
11130,2968.976
11140,2970.451
11150,2971.916
11160,2973.372
11170,2974.818
11180,2976.254
11190,2977.681
11200,2979.098
11210,2980.504
11220,2981.901
11230,2983.288
11240,2984.665
11250,2986.031
11260,2987.387
11270,2988.734
11280,2990.069
11290,2991.394
11300,2992.709
11310,2994.013
11320,2995.307
11330,2996.59
11340,2997.862
11350,2999.123
11360,3000.374
11370,3001.613
11380,3002.841
11390,3004.058
11400,3005.264
11410,3006.459
11420,3007.642
11430,3008.814
11440,3009.974
11450,3011.122
11460,3012.259
11470,3013.384
11480,3014.497
11490,3015.598
11500,3016.686
11510,3017.763
11520,3018.827
11530,3019.878
11540,3020.917
11550,3021.943
11560,3022.957
11570,3023.957
11580,3024.944
11590,3025.918
11600,3026.879
11610,3027.826
11620,3028.759
11630,3029.679
11640,3030.584
11650,3031.476
11660,3032.353
11670,3033.215
11680,3034.063
11690,3034.895
11700,3035.713
11710,3036.515
11720,3037.302
11730,3038.072
11740,3038.827
11750,3039.566
11760,3040.289
11770,3040.994
11780,3041.682
11790,3042.353
11800,3043.005
11810,3043.639
11820,3044.254
11830,3044.85
11840,3045.426
11850,3045.981
11860,3046.516
11870,3047.029
11880,3047.519
11890,3047.986
11900,3048.428
11910,3048.845
11920,3049.235
11930,3049.597
11940,3049.927
11950,3050.225
11960,3050.485
11970,3050.702
11980,3050.867
11990,3050.946
12000,3050.947
